"Artist.Name","Rank","Previous.Rank","Weeks.on.Chart","Views","Weekly.Growth","week","Country","X","isUkraine","sum"
"Alekseev",100,87,92,576324,"-4.3%",2019-03-07,"Україна","","ua",8
"Alekseev",58,NA,86,702102,"",2019-01-24,"Україна","","ua",8
"Alekseev",88,75,88,595077,"-5.2%",2019-02-07,"Україна","","ua",8
"Alekseev",87,82,91,602369,"-2.2%",2019-02-28,"Україна","","ua",8
"Alekseev",94,88,89,584289,"-1.8%",2019-02-14,"Україна","","ua",8
"Alekseev",82,94,90,616206,"5.5%",2019-02-21,"Україна","","ua",8
"Alekseev",57,NA,96,670437,"",2019-06-06,"Україна","","ua",8
"Alekseev",75,58,87,627664,"-10.6%",2019-01-31,"Україна","","ua",8
"Alyona Alyona",74,NA,1,577079,"",2019-08-08,"Україна","","ua",1
"Alyosha",87,NA,31,607504,"",2019-03-07,"Україна","","ua",1
"Andro",80,NA,3,551612,"",2019-09-19,"Україна","","ua",3
"Andro",59,49,2,659267,"-13.2%",2019-09-05,"Україна","","ua",3
"Andro",49,NA,1,759106,"",2019-08-29,"Україна","","ua",3
"Artik",20,35,2,1384422,"31.1%",2019-03-07,"Україна","","ua",18
"Artik",8,13,11,2049267,"12.1%",2019-05-09,"Україна","","ua",18
"Artik",13,15,10,1828248,"7.5%",2019-05-02,"Україна","","ua",18
"Artik",12,8,13,1823878,"-10.3%",2019-05-23,"Україна","","ua",18
"Artik",13,9,15,1780739,"-17.9%",2019-06-06,"Україна","","ua",18
"Artik",18,17,4,1493640,"5.2%",2019-03-21,"Україна","","ua",18
"Artik",18,22,8,1694353,"12.9%",2019-04-18,"Україна","","ua",18
"Artik",17,20,3,1420433,"2.6%",2019-03-14,"Україна","","ua",18
"Artik",13,18,5,1642897,"10%",2019-03-28,"Україна","","ua",18
"Artik",35,NA,1,1055745,"",2019-02-28,"Україна","","ua",18
"Artik",11,12,18,2028205,"-6.8%",2019-06-27,"Україна","","ua",18
"Artik",15,18,9,1701036,"0.4%",2019-04-25,"Україна","","ua",18
"Artik",22,30,7,1501403,"46.6%",2019-04-11,"Україна","","ua",18
"Artik",12,10,17,2175083,"4.8%",2019-06-20,"Україна","","ua",18
"Artik",30,13,6,1024475,"-37.6%",2019-04-04,"Україна","","ua",18
"Artik",9,12,14,2169893,"19%",2019-05-30,"Україна","","ua",18
"Artik",10,13,16,2076353,"16.6%",2019-06-13,"Україна","","ua",18
"Artik",8,8,12,2034372,"-0.7%",2019-05-16,"Україна","","ua",18
"Artik & Asti",14,13,92,1882656,"9.1%",2019-06-20,"Україна","","ua",65
"Artik & Asti",2,3,104,2972680,"0.1%",2019-09-12,"Україна","","ua",65
"Artik & Asti",18,3,100,1539278,"-48.6%",2019-04-25,"Україна","","ua",65
"Artik & Asti",3,4,99,2995595,"7%",2019-04-18,"Україна","","ua",65
"Artik & Asti",5,3,108,2461760,"-14.5%",2019-10-10,"Україна","","ua",65
"Artik & Asti",64,53,89,671759,"-8.3%",2019-01-24,"Україна","","ua",65
"Artik & Asti",19,11,103,1462879,"-21.9%",2019-05-16,"Україна","","ua",65
"Artik & Asti",52,91,94,713439,"18.5%",2019-03-14,"Україна","","ua",65
"Artik & Asti",5,3,97,2651984,"-24.3%",2019-07-25,"Україна","","ua",65
"Artik & Asti",81,64,90,609186,"-9.3%",2019-01-31,"Україна","","ua",65
"Artik & Asti",3,6,99,3122340,"21.8%",2019-08-08,"Україна","","ua",65
"Artik & Asti",4,3,102,3156196,"1.9%",2019-08-29,"Україна","","ua",65
"Artik & Asti",98,NA,84,565970,"",2019-02-28,"Україна","","ua",65
"Artik & Asti",3,3,100,3063898,"-1.9%",2019-08-15,"Україна","","ua",65
"Artik & Asti",3,4,103,2969491,"-5.9%",2019-09-05,"Україна","","ua",65
"Artik & Asti",3,5,110,2748165,"12.5%",2019-10-24,"Україна","","ua",65
"Artik & Asti",90,81,91,591737,"-2.9%",2019-02-07,"Україна","","ua",65
"Artik & Asti",50,52,95,802978,"12.6%",2019-03-21,"Україна","","ua",65
"Artik & Asti",3,1,95,3664387,"-7.2%",2019-07-11,"Україна","","ua",65
"Artik & Asti",11,18,102,1872454,"19.1%",2019-05-09,"Україна","","ua",65
"Artik & Asti",7,3,111,2550463,"-7.2%",2019-10-31,"Україна","","ua",65
"Artik & Asti",4,18,98,2798564,"76.2%",2019-04-11,"Україна","","ua",65
"Artik & Asti",6,5,98,2564024,"-3.3%",2019-08-01,"Україна","","ua",65
"Artik & Asti",53,58,88,732684,"11.6%",2019-01-17,"Україна","","ua",65
"Artik & Asti",18,47,97,1587960,"89.9%",2019-04-04,"Україна","","ua",65
"Artik & Asti",2,2,106,3302245,"1.3%",2019-09-26,"Україна","","ua",65
"Artik & Asti",7,7,112,2227192,"-12.7%",2019-11-07,"Україна","","ua",65
"Artik & Asti",13,14,93,1909309,"1.4%",2019-06-27,"Україна","","ua",65
"Artik & Asti",10,68,88,1842581,"200.3%",2019-05-23,"Україна","","ua",65
"Artik & Asti",1,13,94,3947514,"106.8%",2019-07-04,"Україна","","ua",65
"Artik & Asti",3,3,96,3502174,"-4.4%",2019-07-18,"Україна","","ua",65
"Artik & Asti",47,50,96,836076,"4.1%",2019-03-28,"Україна","","ua",65
"Artik & Asti",58,60,87,656767,"-11.5%",2019-01-10,"Україна","","ua",65
"Artik & Asti",2,2,105,3258534,"9.6%",2019-09-19,"Україна","","ua",65
"Artik & Asti",5,5,109,2443698,"-0.7%",2019-10-17,"Україна","","ua",65
"Artik & Asti",13,19,91,1725832,"20.3%",2019-06-13,"Україна","","ua",65
"Artik & Asti",91,98,85,601858,"6.3%",2019-03-07,"Україна","","ua",65
"Artik & Asti",3,2,107,2878768,"-12.8%",2019-10-03,"Україна","","ua",65
"Artik & Asti",19,12,90,1435054,"-30.1%",2019-06-06,"Україна","","ua",65
"Artik & Asti",60,60,86,742135,"3.5%",2019-01-03,"Україна","","ua",65
"Artik & Asti",18,18,101,1571512,"2.1%",2019-05-02,"Україна","","ua",65
"Artik & Asti",12,10,89,2051865,"11.4%",2019-05-30,"Україна","","ua",65
"Artik & Asti",3,3,101,3095968,"1%",2019-08-22,"Україна","","ua",65
"Asti",12,8,15,1780775,"-17.9%",2019-06-06,"Україна","","ua",18
"Asti",2,6,11,2810168,"22.2%",2019-05-09,"Україна","","ua",18
"Asti",10,11,18,2028247,"-6.8%",2019-06-27,"Україна","","ua",18
"Asti",6,7,9,2394557,"-7.1%",2019-04-25,"Україна","","ua",18
"Asti",11,9,17,2175105,"4.8%",2019-06-20,"Україна","","ua",18
"Asti",12,17,5,1642916,"10%",2019-03-28,"Україна","","ua",18
"Asti",36,NA,1,1055731,"",2019-02-28,"Україна","","ua",18
"Asti",6,6,10,2298929,"-4%",2019-05-02,"Україна","","ua",18
"Asti",7,9,8,2578786,"12.7%",2019-04-18,"Україна","","ua",18
"Asti",11,2,13,1823896,"-40.8%",2019-05-23,"Україна","","ua",18
"Asti",17,42,4,1493644,"68.8%",2019-03-21,"Україна","","ua",18
"Asti",9,12,16,2076399,"16.6%",2019-06-13,"Україна","","ua",18
"Asti",29,12,6,1024481,"-37.6%",2019-04-04,"Україна","","ua",18
"Asti",8,11,14,2169954,"19%",2019-05-30,"Україна","","ua",18
"Asti",42,21,3,884921,"-35.1%",2019-03-14,"Україна","","ua",18
"Asti",21,36,2,1362856,"29.1%",2019-03-07,"Україна","","ua",18
"Asti",2,2,12,3078413,"9.5%",2019-05-16,"Україна","","ua",18
"Asti",9,29,7,2288608,"123.4%",2019-04-11,"Україна","","ua",18
"Boosin",47,55,40,821634,"13.9%",2019-01-03,"Україна","неточно","ua",30
"Boosin",51,50,42,736675,"6%",2019-01-17,"Україна","неточно","ua",30
"Boosin",93,73,59,516031,"-9.4%",2019-05-16,"Україна","неточно","ua",30
"Boosin",59,47,51,718686,"-9.6%",2019-03-21,"Україна","неточно","ua",30
"Boosin",48,59,52,829519,"15.4%",2019-03-28,"Україна","неточно","ua",30
"Boosin",97,97,61,523257,"1.1%",2019-05-30,"Україна","неточно","ua",30
"Boosin",99,94,65,474945,"-5.5%",2019-06-27,"Україна","неточно","ua",30
"Boosin",34,51,46,991382,"27.8%",2019-02-14,"Україна","неточно","ua",30
"Boosin",59,55,54,695346,"-1%",2019-04-11,"Україна","неточно","ua",30
"Boosin",33,34,47,953126,"-3.9%",2019-02-21,"Україна","неточно","ua",30
"Boosin",41,17,49,1028173,"-30.7%",2019-03-07,"Україна","неточно","ua",30
"Boosin",80,59,55,589124,"-15.3%",2019-04-18,"Україна","неточно","ua",30
"Boosin",17,33,48,1483519,"55.6%",2019-02-28,"Україна","неточно","ua",30
"Boosin",85,93,67,493718,"4.8%",2019-07-11,"Україна","неточно","ua",30
"Boosin",73,71,58,569530,"-4.8%",2019-05-09,"Україна","неточно","ua",30
"Boosin",96,NA,70,490172,"",2019-08-01,"Україна","неточно","ua",30
"Boosin",97,93,60,517735,"0.3%",2019-05-23,"Україна","неточно","ua",30
"Boosin",51,39,45,775683,"-5.2%",2019-02-07,"Україна","неточно","ua",30
"Boosin",49,51,43,758099,"2.9%",2019-01-24,"Україна","неточно","ua",30
"Boosin",50,47,41,695225,"-15.4%",2019-01-10,"Україна","неточно","ua",30
"Boosin",94,97,62,497031,"-5%",2019-06-06,"Україна","неточно","ua",30
"Boosin",92,94,63,505525,"1.7%",2019-06-13,"Україна","неточно","ua",30
"Boosin",71,87,57,597959,"7.3%",2019-05-02,"Україна","неточно","ua",30
"Boosin",91,85,68,477171,"-3.4%",2019-07-18,"Україна","неточно","ua",30
"Boosin",55,48,53,702454,"-15.3%",2019-04-04,"Україна","неточно","ua",30
"Boosin",47,41,50,795175,"-22.7%",2019-03-14,"Україна","неточно","ua",30
"Boosin",93,99,66,471295,"-0.8%",2019-07-04,"Україна","неточно","ua",30
"Boosin",87,80,56,557474,"-5.4%",2019-04-25,"Україна","неточно","ua",30
"Boosin",94,92,64,502467,"-0.6%",2019-06-20,"Україна","неточно","ua",30
"Boosin",39,49,44,818305,"7.9%",2019-01-31,"Україна","неточно","ua",30
"Dilemma",66,NA,1,668380,"",2019-03-21,"Україна","","ua",1
"Dilemma",54,NA,1,757912,"",2019-04-25,"Україна","","ua",1
"DSIDE BAND",63,NA,3,626069,"",2019-04-04,"Україна","","ua",1
"DZIDZIO",13,17,120,1685128,"22.7%",2019-01-03,"Україна","","ua",45
"DZIDZIO",38,33,157,865924,"-0.8%",2019-09-19,"Україна","","ua",45
"DZIDZIO",30,33,142,949960,"-3.7%",2019-06-06,"Україна","","ua",45
"DZIDZIO",41,33,133,805521,"-14.4%",2019-04-04,"Україна","","ua",45
"DZIDZIO",34,33,148,898464,"3.5%",2019-07-18,"Україна","","ua",45
"DZIDZIO",37,37,153,853511,"1.1%",2019-08-22,"Україна","","ua",45
"DZIDZIO",35,38,146,846069,"-3.7%",2019-07-04,"Україна","","ua",45
"DZIDZIO",45,42,155,806168,"-3.1%",2019-09-05,"Україна","","ua",45
"DZIDZIO",23,22,125,1340831,"4.3%",2019-02-07,"Україна","","ua",45
"DZIDZIO",31,29,164,1038022,"-3%",2019-11-07,"Україна","","ua",45
"DZIDZIO",37,38,152,844252,"2.3%",2019-08-15,"Україна","","ua",45
"DZIDZIO",33,30,143,883757,"-7%",2019-06-13,"Україна","","ua",45
"DZIDZIO",34,41,135,971057,"16.6%",2019-04-18,"Україна","","ua",45
"DZIDZIO",41,41,134,832483,"3.3%",2019-04-11,"Україна","","ua",45
"DZIDZIO",33,39,132,941056,"0.9%",2019-03-28,"Україна","","ua",45
"DZIDZIO",23,23,126,1346329,"0.4%",2019-02-14,"Україна","","ua",45
"DZIDZIO",31,34,161,976494,"7.6%",2019-10-17,"Україна","","ua",45
"DZIDZIO",38,34,145,878960,"-10.9%",2019-06-27,"Україна","","ua",45
"DZIDZIO",33,45,156,872739,"8.3%",2019-09-12,"Україна","","ua",45
"DZIDZIO",40,38,150,806668,"-4.7%",2019-08-01,"Україна","","ua",45
"DZIDZIO",38,40,151,825270,"2.3%",2019-08-08,"Україна","","ua",45
"DZIDZIO",30,30,140,988422,"-5.8%",2019-05-23,"Україна","","ua",45
"DZIDZIO",15,13,121,1370749,"-18.7%",2019-01-10,"Україна","","ua",45
"DZIDZIO",19,15,123,1367693,"-2.5%",2019-01-24,"Україна","","ua",45
"DZIDZIO",39,35,159,864840,"-3.6%",2019-10-03,"Україна","","ua",45
"DZIDZIO",32,33,130,1032679,"-7.2%",2019-03-14,"Україна","","ua",45
"DZIDZIO",39,32,131,932368,"-9.7%",2019-03-21,"Україна","","ua",45
"DZIDZIO",30,29,139,1049011,"-0.4%",2019-05-16,"Україна","","ua",45
"DZIDZIO",15,15,122,1402446,"2.3%",2019-01-17,"Україна","","ua",45
"DZIDZIO",33,30,141,986424,"-0.2%",2019-05-30,"Україна","","ua",45
"DZIDZIO",42,37,154,832348,"-2.5%",2019-08-29,"Україна","","ua",45
"DZIDZIO",35,38,158,897407,"3.6%",2019-09-26,"Україна","","ua",45
"DZIDZIO",33,35,147,868327,"2.6%",2019-07-11,"Україна","","ua",45
"DZIDZIO",38,34,149,846595,"-5.8%",2019-07-25,"Україна","","ua",45
"DZIDZIO",33,27,129,1112830,"-5.9%",2019-03-07,"Україна","","ua",45
"DZIDZIO",22,19,124,1285022,"-6%",2019-01-31,"Україна","","ua",45
"DZIDZIO",24,23,127,1269504,"-5.7%",2019-02-21,"Україна","","ua",45
"DZIDZIO",34,39,160,907330,"4.9%",2019-10-10,"Україна","","ua",45
"DZIDZIO",29,30,163,1069878,"11.3%",2019-10-31,"Україна","","ua",45
"DZIDZIO",30,31,162,960997,"-1.6%",2019-10-24,"Україна","","ua",45
"DZIDZIO",26,32,137,1251850,"34.1%",2019-05-02,"Україна","","ua",45
"DZIDZIO",32,34,136,933710,"-3.8%",2019-04-25,"Україна","","ua",45
"DZIDZIO",34,33,144,986757,"11.7%",2019-06-20,"Україна","","ua",45
"DZIDZIO",27,24,128,1182992,"-6.8%",2019-02-28,"Україна","","ua",45
"DZIDZIO",29,26,138,1052980,"-15.9%",2019-05-09,"Україна","","ua",45
"Govor",16,NA,1,1302200,"",2019-01-10,"Україна","","ua",1
"Алина Гросу",92,82,4,505100,"-14%",2019-04-04,"Україна","","ua",4
"Алина Гросу",62,NA,2,690522,"",2019-03-21,"Україна","","ua",4
"Алина Гросу",82,62,3,587369,"-14.9%",2019-03-28,"Україна","","ua",4
"Алина Гросу",46,92,5,802447,"58.9%",2019-04-11,"Україна","","ua",4
"Jamala",38,NA,14,892982,"",2019-05-30,"Україна","","ua",1
"Jerry Heil",53,NA,10,697149,"",2019-08-08,"Україна","","ua",17
"Jerry Heil",63,53,11,656348,"-5.9%",2019-08-15,"Україна","","ua",17
"Jerry Heil",42,37,4,844936,"-6.3%",2019-05-30,"Україна","","ua",17
"Jerry Heil",83,63,12,577252,"-12.1%",2019-08-22,"Україна","","ua",17
"Jerry Heil",51,32,17,718255,"-26.1%",2019-10-24,"Україна","","ua",17
"Jerry Heil",50,56,9,656587,"0.7%",2019-07-04,"Україна","","ua",17
"Jerry Heil",37,57,3,901828,"35.2%",2019-05-23,"Україна","","ua",17
"Jerry Heil",57,NA,2,667070,"",2019-05-16,"Україна","","ua",17
"Jerry Heil",32,18,16,972530,"-27.6%",2019-10-17,"Україна","","ua",17
"Jerry Heil",92,71,19,530911,"-16.5%",2019-11-07,"Україна","","ua",17
"Jerry Heil",5,NA,14,2561498,"",2019-10-03,"Україна","","ua",17
"Jerry Heil",49,49,6,699897,"-2.7%",2019-06-13,"Україна","","ua",17
"Jerry Heil",46,49,7,713052,"1.9%",2019-06-20,"Україна","","ua",17
"Jerry Heil",18,5,15,1343634,"-47.5%",2019-10-10,"Україна","","ua",17
"Jerry Heil",56,46,8,652093,"-8.5%",2019-06-27,"Україна","","ua",17
"Jerry Heil",49,42,5,719181,"-14.9%",2019-06-06,"Україна","","ua",17
"Jerry Heil",71,51,18,635451,"-11.5%",2019-10-31,"Україна","","ua",17
"Kavabanga Depo Kolibri",68,61,36,584997,"-2.5%",2019-07-25,"Україна","","ua",37
"Kavabanga Depo Kolibri",61,67,35,600237,"7.3%",2019-07-18,"Україна","","ua",37
"Kavabanga Depo Kolibri",31,38,40,982981,"17.2%",2019-08-22,"Україна","","ua",37
"Kavabanga Depo Kolibri",52,63,26,720048,"14.1%",2019-05-16,"Україна","","ua",37
"Kavabanga Depo Kolibri",67,51,34,559167,"-14.1%",2019-07-11,"Україна","","ua",37
"Kavabanga Depo Kolibri",71,76,38,599041,"6.7%",2019-08-08,"Україна","","ua",37
"Kavabanga Depo Kolibri",35,32,42,905132,"-5.1%",2019-09-05,"Україна","","ua",37
"Kavabanga Depo Kolibri",63,54,30,613399,"-10.9%",2019-06-13,"Україна","","ua",37
"Kavabanga Depo Kolibri",29,24,51,1064037,"-12.7%",2019-11-07,"Україна","","ua",37
"Kavabanga Depo Kolibri",42,37,46,853186,"-3%",2019-10-03,"Україна","","ua",37
"Kavabanga Depo Kolibri",27,29,49,1073292,"0.9%",2019-10-24,"Україна","","ua",37
"Kavabanga Depo Kolibri",32,31,41,953530,"-3%",2019-08-29,"Україна","","ua",37
"Kavabanga Depo Kolibri",16,45,16,1562419,"86.1%",2019-03-07,"Україна","","ua",37
"Kavabanga Depo Kolibri",42,29,18,897622,"-14.3%",2019-03-21,"Україна","","ua",37
"Kavabanga Depo Kolibri",45,NA,15,839552,"",2019-02-28,"Україна","","ua",37
"Kavabanga Depo Kolibri",66,52,27,661259,"-8.2%",2019-05-23,"Україна","","ua",37
"Kavabanga Depo Kolibri",51,53,33,651257,"-3.1%",2019-07-04,"Україна","","ua",37
"Kavabanga Depo Kolibri",57,66,28,716227,"8.3%",2019-05-30,"Україна","","ua",37
"Kavabanga Depo Kolibri",31,34,21,1073595,"21.2%",2019-04-11,"Україна","","ua",37
"Kavabanga Depo Kolibri",28,42,47,1080550,"26.6%",2019-10-10,"Україна","","ua",37
"Kavabanga Depo Kolibri",57,63,31,638493,"4.1%",2019-06-20,"Україна","","ua",37
"Kavabanga Depo Kolibri",29,16,17,1046926,"-33%",2019-03-14,"Україна","","ua",37
"Kavabanga Depo Kolibri",34,44,20,885658,"2%",2019-04-04,"Україна","","ua",37
"Kavabanga Depo Kolibri",76,68,37,561442,"-4%",2019-08-01,"Україна","","ua",37
"Kavabanga Depo Kolibri",38,71,39,838950,"40%",2019-08-15,"Україна","","ua",37
"Kavabanga Depo Kolibri",66,40,24,645294,"-23.8%",2019-05-02,"Україна","","ua",37
"Kavabanga Depo Kolibri",44,42,19,868518,"-3.2%",2019-03-28,"Україна","","ua",37
"Kavabanga Depo Kolibri",63,66,25,631138,"-2.2%",2019-05-09,"Україна","","ua",37
"Kavabanga Depo Kolibri",39,29,44,863673,"-11.7%",2019-09-19,"Україна","","ua",37
"Kavabanga Depo Kolibri",53,57,32,671750,"5.2%",2019-06-27,"Україна","","ua",37
"Kavabanga Depo Kolibri",29,28,48,1063228,"-1.6%",2019-10-17,"Україна","","ua",37
"Kavabanga Depo Kolibri",24,27,50,1218893,"13.6%",2019-10-31,"Україна","","ua",37
"Kavabanga Depo Kolibri",29,31,22,1112611,"3.6%",2019-04-18,"Україна","","ua",37
"Kavabanga Depo Kolibri",40,29,23,846637,"-23.9%",2019-04-25,"Україна","","ua",37
"Kavabanga Depo Kolibri",29,35,43,977587,"8%",2019-09-12,"Україна","","ua",37
"Kavabanga Depo Kolibri",54,57,29,688420,"-3.9%",2019-06-06,"Україна","","ua",37
"Kavabanga Depo Kolibri",37,39,45,879692,"1.9%",2019-09-26,"Україна","","ua",37
"KAZKA",1,1,62,4312847,"25.2%",2019-01-03,"Україна","","ua",45
"KAZKA",23,25,80,1276881,"-1.8%",2019-05-09,"Україна","","ua",45
"KAZKA",17,10,74,1480833,"-13.7%",2019-03-28,"Україна","","ua",45
"KAZKA",10,11,73,1715120,"-5.4%",2019-03-21,"Україна","","ua",45
"KAZKA",23,26,78,1240997,"2.7%",2019-04-25,"Україна","","ua",45
"KAZKA",35,32,101,906225,"-0.3%",2019-10-03,"Україна","","ua",45
"KAZKA",33,34,84,891993,"-7.8%",2019-06-06,"Україна","","ua",45
"KAZKA",6,4,69,2965581,"-1%",2019-02-21,"Україна","","ua",45
"KAZKA",30,29,97,917904,"-6.4%",2019-09-05,"Україна","","ua",45
"KAZKA",28,27,91,1026768,"-9.6%",2019-07-25,"Україна","","ua",45
"KAZKA",30,24,95,997014,"-20.1%",2019-08-22,"Україна","","ua",45
"KAZKA",32,33,85,954824,"7%",2019-06-13,"Україна","","ua",45
"KAZKA",36,37,99,868339,"4.1%",2019-09-19,"Україна","","ua",45
"KAZKA",47,43,105,819557,"4%",2019-10-31,"Україна","","ua",45
"KAZKA",32,36,100,908657,"4.6%",2019-09-26,"Україна","","ua",45
"KAZKA",44,42,103,795949,"-0.7%",2019-10-17,"Україна","","ua",45
"KAZKA",20,17,88,1376504,"-10.4%",2019-07-04,"Україна","","ua",45
"KAZKA",4,2,65,2467184,"-16.4%",2019-01-24,"Україна","","ua",45
"KAZKA",3,1,63,2885324,"-33.1%",2019-01-10,"Україна","","ua",45
"KAZKA",9,6,71,2117435,"-15.9%",2019-03-07,"Україна","","ua",45
"KAZKA",29,27,82,1016727,"-7.9%",2019-05-23,"Україна","","ua",45
"KAZKA",25,23,79,1300149,"4.8%",2019-05-02,"Україна","","ua",45
"KAZKA",10,5,67,2251536,"2.6%",2019-02-07,"Україна","","ua",45
"KAZKA",25,22,76,1342314,"-4.1%",2019-04-11,"Україна","","ua",45
"KAZKA",50,47,106,752719,"-8.2%",2019-11-07,"Україна","","ua",45
"KAZKA",26,25,77,1208788,"-9.9%",2019-04-18,"Україна","","ua",45
"KAZKA",34,29,83,967851,"-4.8%",2019-05-30,"Україна","","ua",45
"KAZKA",5,4,66,2195109,"-11%",2019-01-31,"Україна","","ua",45
"KAZKA",29,30,96,980915,"-1.6%",2019-08-29,"Україна","","ua",45
"KAZKA",35,34,93,934577,"1.3%",2019-08-08,"Україна","","ua",45
"KAZKA",42,35,102,801382,"-11.6%",2019-10-10,"Україна","","ua",45
"KAZKA",37,30,98,834239,"-9.1%",2019-09-12,"Україна","","ua",45
"KAZKA",27,25,90,1135729,"-3.6%",2019-07-18,"Україна","","ua",45
"KAZKA",11,9,72,1812269,"-14.4%",2019-03-14,"Україна","","ua",45
"KAZKA",6,6,70,2518659,"-15.1%",2019-02-28,"Україна","","ua",45
"KAZKA",34,28,92,922791,"-10.1%",2019-08-01,"Україна","","ua",45
"KAZKA",25,20,89,1178718,"-14.4%",2019-07-11,"Україна","","ua",45
"KAZKA",9,32,86,2294668,"140.3%",2019-06-20,"Україна","","ua",45
"KAZKA",22,17,75,1399242,"-5.5%",2019-04-04,"Україна","","ua",45
"KAZKA",24,35,94,1248547,"33.6%",2019-08-15,"Україна","","ua",45
"KAZKA",17,9,87,1536022,"-33.1%",2019-06-27,"Україна","","ua",45
"KAZKA",4,10,68,2995206,"33%",2019-02-14,"Україна","","ua",45
"KAZKA",43,44,104,788388,"-0.9%",2019-10-24,"Україна","","ua",45
"KAZKA",2,3,64,2952619,"2.3%",2019-01-17,"Україна","","ua",45
"KAZKA",27,23,81,1103652,"-13.6%",2019-05-16,"Україна","","ua",45
"LOBODA",16,14,147,1540627,"-1.3%",2019-07-11,"Україна","","ua",45
"LOBODA",14,16,146,1560384,"-1.8%",2019-07-04,"Україна","","ua",45
"LOBODA",12,5,137,2032040,"-19.4%",2019-05-02,"Україна","","ua",45
"LOBODA",16,12,124,1551428,"-11.8%",2019-01-31,"Україна","","ua",45
"LOBODA",5,20,136,2520944,"60.8%",2019-04-25,"Україна","","ua",45
"LOBODA",18,22,158,1425962,"10.9%",2019-09-26,"Україна","","ua",45
"LOBODA",15,11,140,1657620,"-8.5%",2019-05-23,"Україна","","ua",45
"LOBODA",12,10,123,1759089,"0.5%",2019-01-24,"Україна","","ua",45
"LOBODA",19,22,156,1414773,"14.8%",2019-09-12,"Україна","","ua",45
"LOBODA",18,20,164,1369878,"-1.8%",2019-11-07,"Україна","","ua",45
"LOBODA",12,12,130,1696277,"-0.3%",2019-03-14,"Україна","","ua",45
"LOBODA",16,16,148,1542472,"0.1%",2019-07-18,"Україна","","ua",45
"LOBODA",9,10,120,2114868,"13.1%",2019-01-03,"Україна","","ua",45
"LOBODA",17,17,162,1300319,"0.3%",2019-10-24,"Україна","","ua",45
"LOBODA",22,16,149,1308855,"-15.1%",2019-07-25,"Україна","","ua",45
"LOBODA",20,22,150,1305725,"-0.2%",2019-08-01,"Україна","","ua",45
"LOBODA",14,15,134,1799816,"6.2%",2019-04-11,"Україна","","ua",45
"LOBODA",17,19,161,1297046,"-1.6%",2019-10-17,"Україна","","ua",45
"LOBODA",17,15,141,1643518,"-0.9%",2019-05-30,"Україна","","ua",45
"LOBODA",9,12,138,2032824,"0%",2019-05-09,"Україна","","ua",45
"LOBODA",22,21,155,1232199,"-2.8%",2019-09-05,"Україна","","ua",45
"LOBODA",20,14,135,1567789,"-12.9%",2019-04-18,"Україна","","ua",45
"LOBODA",22,20,153,1286264,"-3.5%",2019-08-22,"Україна","","ua",45
"LOBODA",18,16,125,1639105,"5.7%",2019-02-07,"Україна","","ua",45
"LOBODA",10,9,121,1704583,"-19.4%",2019-01-10,"Україна","","ua",45
"LOBODA",10,10,127,2079599,"-3.7%",2019-02-21,"Україна","","ua",45
"LOBODA",12,13,129,1701292,"-0.9%",2019-03-07,"Україна","","ua",45
"LOBODA",19,19,160,1318138,"-7.8%",2019-10-10,"Україна","","ua",45
"LOBODA",11,9,139,1811295,"-10.9%",2019-05-16,"Україна","","ua",45
"LOBODA",20,15,132,1430338,"-6.7%",2019-03-28,"Україна","","ua",45
"LOBODA",20,17,163,1394827,"7.3%",2019-10-31,"Україна","","ua",45
"LOBODA",16,17,142,1604053,"-2.4%",2019-06-06,"Україна","","ua",45
"LOBODA",19,18,159,1429970,"0.3%",2019-10-03,"Україна","","ua",45
"LOBODA",22,19,157,1285919,"-9.1%",2019-09-19,"Україна","","ua",45
"LOBODA",21,22,154,1267988,"-1.4%",2019-08-29,"Україна","","ua",45
"LOBODA",10,18,126,2160576,"31.8%",2019-02-14,"Україна","","ua",45
"LOBODA",20,24,152,1333240,"8.1%",2019-08-15,"Україна","","ua",45
"LOBODA",13,10,128,1717113,"-17.4%",2019-02-28,"Україна","","ua",45
"LOBODA",24,20,151,1233588,"-5.5%",2019-08-08,"Україна","","ua",45
"LOBODA",10,10,122,1749598,"2.6%",2019-01-17,"Україна","","ua",45
"LOBODA",17,5,144,1617066,"-29.6%",2019-06-20,"Україна","","ua",45
"LOBODA",15,12,131,1532953,"-9.6%",2019-03-21,"Україна","","ua",45
"LOBODA",16,17,145,1588885,"-1.7%",2019-06-27,"Україна","","ua",45
"LOBODA",15,20,133,1695060,"18.5%",2019-04-04,"Україна","","ua",45
"LOBODA",5,16,143,2295691,"43.1%",2019-06-13,"Україна","","ua",45
"Mari Kraimbrery",72,56,40,641957,"-7.1%",2019-03-21,"Україна","","ua",12
"Mari Kraimbrery",99,NA,32,532706,"",2019-01-24,"Україна","","ua",12
"Mari Kraimbrery",40,30,37,998363,"-6.2%",2019-02-28,"Україна","","ua",12
"Mari Kraimbrery",62,59,35,698840,"-2%",2019-02-14,"Україна","","ua",12
"Mari Kraimbrery",59,63,34,713076,"6.8%",2019-02-07,"Україна","","ua",12
"Mari Kraimbrery",43,40,38,952845,"-4.6%",2019-03-07,"Україна","","ua",12
"Mari Kraimbrery",97,76,43,493040,"-13.8%",2019-04-11,"Україна","","ua",12
"Mari Kraimbrery",71,72,41,652523,"1.6%",2019-03-28,"Україна","","ua",12
"Mari Kraimbrery",76,71,42,571956,"-12.3%",2019-04-04,"Україна","","ua",12
"Mari Kraimbrery",63,99,33,667762,"25.4%",2019-01-31,"Україна","","ua",12
"Mari Kraimbrery",30,62,36,1064797,"52.4%",2019-02-21,"Україна","","ua",12
"Mari Kraimbrery",56,43,39,691063,"-27.5%",2019-03-14,"Україна","","ua",12
"MARUV",24,NA,25,1270975,"",2019-02-14,"Україна","","ua",9
"MARUV",67,55,47,667176,"-4.2%",2019-02-07,"Україна","","ua",9
"MARUV",11,32,27,1780981,"72.8%",2019-02-28,"Україна","","ua",9
"MARUV",32,24,26,1030594,"-18.9%",2019-02-21,"Україна","","ua",9
"MARUV",55,74,46,696658,"8.6%",2019-01-31,"Україна","","ua",9
"MARUV",70,68,44,626995,"5.6%",2019-01-17,"Україна","","ua",9
"MARUV",74,70,45,641675,"2.3%",2019-01-24,"Україна","","ua",9
"MARUV",15,16,64,1625162,"-9.6%",2019-06-06,"Україна","","ua",40
"MARUV",55,54,84,707306,"-0.8%",2019-10-24,"Україна","","ua",40
"MARUV",54,40,83,713070,"-12.7%",2019-10-17,"Україна","","ua",40
"MARUV",28,27,80,1000667,"-2.6%",2019-09-26,"Україна","","ua",40
"MARUV",40,32,82,816430,"-13.9%",2019-10-10,"Україна","","ua",40
"MARUV",16,15,65,1491449,"-8.2%",2019-06-13,"Україна","","ua",40
"MARUV",41,55,85,836417,"18.3%",2019-10-31,"Україна","","ua",40
"MARUV",21,16,66,1421652,"-4.7%",2019-06-20,"Україна","","ua",40
"MARUV",23,25,77,1081963,"-5.2%",2019-09-05,"Україна","","ua",40
"MARUV",3,43,50,3548221,"332.1%",2019-02-28,"Україна","","ua",40
"MARUV",69,78,42,710052,"17.2%",2019-01-03,"Україна","","ua",40
"MARUV",7,29,73,2022453,"81.7%",2019-08-08,"Україна","","ua",40
"MARUV",15,13,61,1622280,"-2.1%",2019-05-16,"Україна","","ua",40
"MARUV",3,3,51,3371028,"-5%",2019-03-07,"Україна","","ua",40
"MARUV",32,28,81,947702,"-5.3%",2019-10-03,"Україна","","ua",40
"MARUV",29,25,72,1113077,"0.3%",2019-08-01,"Україна","","ua",40
"MARUV",23,23,68,1261755,"-4.2%",2019-07-04,"Україна","","ua",40
"MARUV",14,6,57,1890484,"-27.7%",2019-04-18,"Україна","","ua",40
"MARUV",16,16,59,1719583,"2.9%",2019-05-02,"Україна","","ua",40
"MARUV",7,4,53,2419223,"-7.7%",2019-03-21,"Україна","","ua",40
"MARUV",23,21,67,1316789,"-7.4%",2019-06-27,"Україна","","ua",40
"MARUV",6,13,56,2613672,"49.7%",2019-04-11,"Україна","","ua",40
"MARUV",27,26,79,1027289,"-0.1%",2019-09-19,"Україна","","ua",40
"MARUV",4,3,52,2620633,"-22.3%",2019-03-14,"Україна","","ua",40
"MARUV",24,22,70,1224762,"-1.8%",2019-07-18,"Україна","","ua",40
"MARUV",25,26,76,1140976,"-4.4%",2019-08-29,"Україна","","ua",40
"MARUV",13,16,60,1656933,"-3.6%",2019-05-09,"Україна","","ua",40
"MARUV",16,4,63,1797035,"-21.9%",2019-05-30,"Україна","","ua",40
"MARUV",22,23,69,1246602,"-1.2%",2019-07-11,"Україна","","ua",40
"MARUV",26,23,78,1028138,"-5%",2019-09-12,"Україна","","ua",40
"MARUV",4,15,62,2300412,"41.8%",2019-05-23,"Україна","","ua",40
"MARUV",68,69,43,593887,"-16.4%",2019-01-10,"Україна","","ua",40
"MARUV",22,7,74,1322874,"-34.6%",2019-08-15,"Україна","","ua",40
"MARUV",8,7,54,2130914,"-11.9%",2019-03-28,"Україна","","ua",40
"MARUV",25,24,71,1109712,"-9.4%",2019-07-25,"Україна","","ua",40
"MARUV",13,8,55,1746107,"-18.1%",2019-04-04,"Україна","","ua",40
"MARUV",25,41,86,1207175,"44.3%",2019-11-07,"Україна","","ua",40
"MARUV",26,22,75,1193612,"-9.8%",2019-08-22,"Україна","","ua",40
"MARUV",16,14,58,1671299,"-11.6%",2019-04-25,"Україна","","ua",40
"MONATIK",27,25,131,1132606,"-1.9%",2019-03-21,"Україна","","ua",45
"MONATIK",23,21,129,1250221,"-8.5%",2019-03-07,"Україна","","ua",45
"MONATIK",32,27,134,1022284,"-3.5%",2019-04-11,"Україна","","ua",45
"MONATIK",14,1,137,1737979,"-56.7%",2019-05-02,"Україна","","ua",45
"MONATIK",21,15,128,1366120,"-14.3%",2019-02-28,"Україна","","ua",45
"MONATIK",19,20,154,1305641,"-7%",2019-08-29,"Україна","","ua",45
"MONATIK",18,15,148,1465905,"-7.5%",2019-07-18,"Україна","","ua",45
"MONATIK",30,32,135,1072706,"4.9%",2019-04-18,"Україна","","ua",45
"MONATIK",25,23,130,1154748,"-7.6%",2019-03-14,"Україна","","ua",45
"MONATIK",14,15,125,1714636,"3.3%",2019-02-07,"Україна","","ua",45
"MONATIK",16,18,149,1715077,"17%",2019-07-25,"Україна","","ua",45
"MONATIK",17,15,164,1374932,"-5.7%",2019-11-07,"Україна","","ua",45
"MONATIK",27,23,133,1059464,"-14.5%",2019-04-04,"Україна","","ua",45
"MONATIK",5,15,142,2482204,"29.8%",2019-06-06,"Україна","","ua",45
"MONATIK",23,27,132,1239254,"9.4%",2019-03-28,"Україна","","ua",45
"MONATIK",11,11,120,1928463,"8.3%",2019-01-03,"Україна","","ua",45
"MONATIK",15,14,124,1660512,"5.6%",2019-01-31,"Україна","","ua",45
"MONATIK",15,9,141,1912887,"-4.2%",2019-05-30,"Україна","","ua",45
"MONATIK",12,12,122,1576881,"-0.2%",2019-01-17,"Україна","","ua",45
"MONATIK",9,14,140,1997224,"22.8%",2019-05-23,"Україна","","ua",45
"MONATIK",8,5,143,2103090,"-15.3%",2019-06-13,"Україна","","ua",45
"MONATIK",8,22,157,1995620,"68.7%",2019-09-19,"Україна","","ua",45
"MONATIK",21,19,155,1236424,"-5.3%",2019-09-05,"Україна","","ua",45
"MONATIK",15,17,161,1329157,"-3%",2019-10-17,"Україна","","ua",45
"MONATIK",20,18,153,1403672,"-4.4%",2019-08-22,"Україна","","ua",45
"MONATIK",17,17,151,1588733,"-2.9%",2019-08-08,"Україна","","ua",45
"MONATIK",15,15,147,1585468,"1.8%",2019-07-11,"Україна","","ua",45
"MONATIK",18,16,159,1451188,"-6.5%",2019-10-03,"Україна","","ua",45
"MONATIK",17,16,150,1635397,"-4.6%",2019-08-01,"Україна","","ua",45
"MONATIK",15,15,162,1356220,"2%",2019-10-24,"Україна","","ua",45
"MONATIK",16,8,158,1551833,"-22.2%",2019-09-26,"Україна","","ua",45
"MONATIK",14,16,139,1626624,"3.3%",2019-05-16,"Україна","","ua",45
"MONATIK",16,14,138,1574707,"-9.4%",2019-05-09,"Україна","","ua",45
"MONATIK",15,15,163,1458291,"7.5%",2019-10-31,"Україна","","ua",45
"MONATIK",1,30,136,4017762,"274.5%",2019-04-25,"Україна","","ua",45
"MONATIK",15,15,146,1557147,"-7.6%",2019-07-04,"Україна","","ua",45
"MONATIK",15,8,144,1667884,"-20.7%",2019-06-20,"Україна","","ua",45
"MONATIK",15,14,127,1594548,"-6.7%",2019-02-21,"Україна","","ua",45
"MONATIK",14,12,123,1572780,"-0.3%",2019-01-24,"Україна","","ua",45
"MONATIK",12,11,121,1580498,"-18%",2019-01-10,"Україна","","ua",45
"MONATIK",17,18,160,1370938,"-5.5%",2019-10-10,"Україна","","ua",45
"MONATIK",15,15,145,1684401,"1%",2019-06-27,"Україна","","ua",45
"MONATIK",14,14,126,1708507,"-0.4%",2019-02-14,"Україна","","ua",45
"MONATIK",22,21,156,1183128,"-4.3%",2019-09-12,"Україна","","ua",45
"MONATIK",18,17,152,1468380,"-7.6%",2019-08-15,"Україна","","ua",45
"MOZGI",35,24,123,934463,"-10.9%",2019-01-24,"Україна","","ua",44
"MOZGI",93,89,152,530925,"1.7%",2019-08-15,"Україна","","ua",44
"MOZGI",78,62,156,566379,"-12.9%",2019-09-12,"Україна","","ua",44
"MOZGI",68,60,135,660693,"-4.4%",2019-04-18,"Україна","","ua",44
"MOZGI",32,59,131,998002,"45.8%",2019-03-21,"Україна","","ua",44
"MOZGI",43,38,126,860543,"-2.3%",2019-02-14,"Україна","","ua",44
"MOZGI",51,62,147,636953,"6.5%",2019-07-11,"Україна","","ua",44
"MOZGI",79,96,160,552745,"2.4%",2019-10-10,"Україна","","ua",44
"MOZGI",62,24,155,649932,"-43.1%",2019-09-05,"Україна","","ua",44
"MOZGI",70,56,129,717706,"-5.6%",2019-03-07,"Україна","","ua",44
"MOZGI",62,58,149,611037,"-0.4%",2019-07-25,"Україна","","ua",44
"MOZGI",79,78,157,555460,"-1.9%",2019-09-19,"Україна","","ua",44
"MOZGI",62,62,146,598351,"-3%",2019-07-04,"Україна","","ua",44
"MOZGI",60,68,144,624724,"4.6%",2019-06-20,"Україна","","ua",44
"MOZGI",45,42,133,783174,"-10.4%",2019-04-04,"Україна","","ua",44
"MOZGI",67,49,142,628093,"-17.2%",2019-06-06,"Україна","","ua",44
"MOZGI",67,56,163,651373,"-7.8%",2019-10-31,"Україна","","ua",44
"MOZGI",20,24,120,1479514,"20.4%",2019-01-03,"Україна","","ua",44
"MOZGI",42,32,132,874229,"-12.4%",2019-03-28,"Україна","","ua",44
"MOZGI",49,79,161,749531,"35.6%",2019-10-17,"Україна","","ua",44
"MOZGI",53,68,136,758111,"14.7%",2019-04-25,"Україна","","ua",44
"MOZGI",99,79,158,519599,"-6.5%",2019-09-26,"Україна","","ua",44
"MOZGI",56,47,128,760589,"-4.2%",2019-02-28,"Україна","","ua",44
"MOZGI",44,32,140,804306,"-17.9%",2019-05-23,"Україна","","ua",44
"MOZGI",89,72,151,521997,"-9%",2019-08-08,"Україна","","ua",44
"MOZGI",21,53,137,1457609,"92.3%",2019-05-02,"Україна","","ua",44
"MOZGI",59,70,130,684664,"-4.6%",2019-03-14,"Україна","","ua",44
"MOZGI",21,20,121,1169787,"-20.9%",2019-01-10,"Україна","","ua",44
"MOZGI",72,62,150,573362,"-6.2%",2019-08-01,"Україна","","ua",44
"MOZGI",49,44,141,758469,"-5.7%",2019-05-30,"Україна","","ua",44
"MOZGI",96,99,159,539653,"3.9%",2019-10-03,"Україна","","ua",44
"MOZGI",32,28,139,979074,"-9.4%",2019-05-16,"Україна","","ua",44
"MOZGI",38,31,125,881146,"-6.1%",2019-02-07,"Україна","","ua",44
"MOZGI",56,49,162,706411,"-5.8%",2019-10-24,"Україна","","ua",44
"MOZGI",28,21,138,1080918,"-25.8%",2019-05-09,"Україна","","ua",44
"MOZGI",58,51,148,613430,"-3.7%",2019-07-18,"Україна","","ua",44
"MOZGI",60,45,134,691187,"-11.7%",2019-04-11,"Україна","","ua",44
"MOZGI",74,67,164,593837,"-8.8%",2019-11-07,"Україна","","ua",44
"MOZGI",24,21,122,1048519,"-10.4%",2019-01-17,"Україна","","ua",44
"MOZGI",68,67,143,597512,"-4.9%",2019-06-13,"Україна","","ua",44
"MOZGI",62,60,145,616848,"-1.3%",2019-06-27,"Україна","","ua",44
"MOZGI",31,35,124,938197,"0.4%",2019-01-31,"Україна","","ua",44
"MOZGI",24,NA,154,1143098,"",2019-08-29,"Україна","","ua",44
"MOZGI",47,43,127,794239,"-7.7%",2019-02-21,"Україна","","ua",44
"NK",17,10,67,1470251,"-31.8%",2019-06-06,"Україна","","ua",47
"NK",14,4,63,1629298,"-39.2%",2019-05-09,"Україна","","ua",47
"NK",11,28,61,1894888,"65.6%",2019-04-25,"Україна","","ua",47
"NK",22,17,69,1347723,"-5.9%",2019-06-20,"Україна","","ua",47
"NK",25,22,70,1275244,"-5.4%",2019-06-27,"Україна","","ua",47
"NK",35,33,79,931631,"-2.2%",2019-08-29,"Україна","","ua",47
"NK",28,28,60,1144535,"-6.3%",2019-04-18,"Україна","","ua",47
"NK",10,13,66,2155519,"28%",2019-05-30,"Україна","","ua",47
"NK",24,23,46,1123076,"-16.4%",2019-01-10,"Україна","","ua",47
"NK",46,37,81,786492,"-10.2%",2019-09-12,"Україна","","ua",47
"NK",31,26,75,1041812,"-4.5%",2019-08-01,"Україна","","ua",47
"NK",13,17,65,1683835,"9.4%",2019-05-23,"Україна","","ua",47
"NK",2,63,88,3187587,"378%",2019-10-31,"Україна","","ua",47
"NK",64,63,85,648501,"-4.9%",2019-10-10,"Україна","","ua",47
"NK",4,11,62,2678666,"41.4%",2019-05-02,"Україна","","ua",47
"NK",21,15,56,1364408,"-9.4%",2019-03-21,"Україна","","ua",47
"NK",37,35,80,875986,"-6%",2019-09-05,"Україна","","ua",47
"NK",26,25,72,1169345,"-2.5%",2019-07-11,"Україна","","ua",47
"NK",51,46,82,747685,"-4.9%",2019-09-19,"Україна","","ua",47
"NK",4,44,52,3207182,"274.6%",2019-02-21,"Україна","","ua",47
"NK",21,21,57,1408818,"3.3%",2019-03-28,"Україна","","ua",47
"NK",34,36,49,866662,"-4.5%",2019-01-31,"Україна","","ua",47
"NK",11,21,58,2046922,"45.3%",2019-04-04,"Україна","","ua",47
"NK",58,64,86,687804,"6.1%",2019-10-17,"Україна","","ua",47
"NK",26,26,74,1091105,"-4.4%",2019-07-25,"Україна","","ua",47
"NK",55,51,83,715274,"-4.3%",2019-09-26,"Україна","","ua",47
"NK",10,4,53,1985403,"-38.1%",2019-02-28,"Україна","","ua",47
"NK",17,14,64,1538916,"-5.5%",2019-05-16,"Україна","","ua",47
"NK",15,10,55,1506154,"-12.3%",2019-03-14,"Україна","","ua",47
"NK",36,29,48,907616,"-8.9%",2019-01-24,"Україна","","ua",47
"NK",29,24,47,996823,"-11.2%",2019-01-17,"Україна","","ua",47
"NK",63,58,87,666840,"-3%",2019-10-24,"Україна","","ua",47
"NK",10,10,54,1718026,"-13.5%",2019-03-07,"Україна","","ua",47
"NK",17,17,68,1432107,"-2.6%",2019-06-13,"Україна","","ua",47
"NK",28,31,76,1024312,"-1.7%",2019-08-08,"Україна","","ua",47
"NK",33,28,77,961626,"-6.1%",2019-08-15,"Україна","","ua",47
"NK",9,2,89,2066164,"-35.2%",2019-11-07,"Україна","","ua",47
"NK",26,26,73,1141504,"-2.4%",2019-07-18,"Україна","","ua",47
"NK",46,34,50,824833,"-4.8%",2019-02-07,"Україна","","ua",47
"NK",28,11,59,1221293,"-40.3%",2019-04-11,"Україна","","ua",47
"NK",44,46,51,856055,"3.8%",2019-02-14,"Україна","","ua",47
"NK",63,55,84,681834,"-4.7%",2019-10-03,"Україна","","ua",47
"NK",25,25,71,1199454,"-5.9%",2019-07-04,"Україна","","ua",47
"NK",23,27,45,1342613,"13.1%",2019-01-03,"Україна","","ua",47
"NK",33,33,78,952150,"-1%",2019-08-22,"Україна","","ua",47
"Open Kids",48,44,114,909692,"2.1%",2019-03-07,"Україна","","ua",3
"Open Kids",51,48,115,715951,"-21.3%",2019-03-14,"Україна","","ua",3
"Open Kids",44,NA,113,890610,"",2019-02-28,"Україна","","ua",3
"Pianoбой",70,NA,11,627754,"",2019-05-23,"Україна","","ua",1
"ПТП",18,NA,2,1639806,"",2019-05-30,"Україна","","ua",1
"Quest Pistols Show",99,97,131,483379,"-1.1%",2019-04-11,"Україна","","ua",23
"Quest Pistols Show",91,93,158,486555,"-4.5%",2019-10-17,"Україна","","ua",23
"Quest Pistols Show",77,88,160,618444,"21.6%",2019-10-31,"Україна","","ua",23
"Quest Pistols Show",88,91,159,508569,"4.5%",2019-10-24,"Україна","","ua",23
"Quest Pistols Show",93,NA,157,509701,"",2019-10-10,"Україна","","ua",23
"Quest Pistols Show",64,77,161,620440,"0.3%",2019-11-07,"Україна","","ua",23
"Quest Pistols Show",85,94,125,605799,"7.5%",2019-02-07,"Україна","","ua",23
"Quest Pistols Show",90,85,122,533204,"-2%",2019-01-17,"Україна","","ua",23
"Quest Pistols Show",79,NA,149,598579,"",2019-08-15,"Україна","","ua",23
"Quest Pistols Show",53,62,120,773811,"9.3%",2019-01-03,"Україна","","ua",23
"Quest Pistols Show",85,53,121,544126,"-29.7%",2019-01-10,"Україна","","ua",23
"Quest Pistols Show",83,89,129,567870,"7.9%",2019-03-28,"Україна","","ua",23
"Quest Pistols Show",85,79,150,563472,"-5.9%",2019-08-22,"Україна","","ua",23
"Quest Pistols Show",88,NA,141,519311,"",2019-06-20,"Україна","","ua",23
"Quest Pistols Show",92,97,155,539884,"7.2%",2019-09-26,"Україна","","ua",23
"Quest Pistols Show",92,85,151,526506,"-6.6%",2019-08-29,"Україна","","ua",23
"Quest Pistols Show",85,85,126,612026,"1%",2019-02-14,"Україна","","ua",23
"Quest Pistols Show",96,NA,153,492532,"",2019-09-12,"Україна","","ua",23
"Quest Pistols Show",89,NA,128,526494,"",2019-03-21,"Україна","","ua",23
"Quest Pistols Show",96,99,132,527367,"9.1%",2019-04-18,"Україна","","ua",23
"Quest Pistols Show",97,96,154,503538,"2.2%",2019-09-19,"Україна","","ua",23
"Quest Pistols Show",94,NA,124,563289,"",2019-01-31,"Україна","","ua",23
"Quest Pistols Show",97,83,130,488607,"-14%",2019-04-04,"Україна","","ua",23
"Roman Skorpion",50,NA,1,714835,"",2019-06-06,"Україна","","ua",1
"Shy",93,NA,1,524915,"",2019-05-23,"Україна","","ua",1
"TAYANNA",89,74,19,510591,"-19.6%",2019-04-04,"Україна","","ua",3
"TAYANNA",61,NA,17,700359,"",2019-03-21,"Україна","","ua",3
"TAYANNA",74,61,18,635000,"-9.3%",2019-03-28,"Україна","","ua",3
"T-Fest",79,90,110,589594,"10.4%",2019-04-18,"Україна","","ua",37
"T-Fest",55,53,120,656573,"-0.6%",2019-06-27,"Україна","","ua",37
"T-Fest",67,61,103,689851,"-0.2%",2019-02-28,"Україна","","ua",37
"T-Fest",56,54,122,597498,"-7.2%",2019-07-11,"Україна","","ua",37
"T-Fest",51,42,118,689799,"-9.5%",2019-06-13,"Україна","","ua",37
"T-Fest",60,70,113,647384,"7.4%",2019-05-09,"Україна","","ua",37
"T-Fest",80,62,106,582003,"-10.5%",2019-03-21,"Україна","","ua",37
"T-Fest",29,76,98,1065289,"78.3%",2019-01-24,"Україна","","ua",37
"T-Fest",70,74,112,602802,"-2.7%",2019-05-02,"Україна","","ua",37
"T-Fest",72,54,95,705688,"-3.2%",2019-01-03,"Україна","","ua",37
"T-Fest",93,NA,134,549558,"",2019-10-03,"Україна","","ua",37
"T-Fest",44,33,100,835560,"-9.5%",2019-02-07,"Україна","","ua",37
"T-Fest",74,79,111,619567,"5.1%",2019-04-25,"Україна","","ua",37
"T-Fest",57,44,101,753878,"-9.8%",2019-02-14,"Україна","","ua",37
"T-Fest",82,70,124,535790,"-4.6%",2019-07-25,"Україна","","ua",37
"T-Fest",94,86,108,494919,"-11.5%",2019-04-04,"Україна","","ua",37
"T-Fest",84,72,96,547672,"-22.4%",2019-01-10,"Україна","","ua",37
"T-Fest",67,60,114,614634,"-5.1%",2019-05-16,"Україна","","ua",37
"T-Fest",76,67,115,592476,"-3.6%",2019-05-23,"Україна","","ua",37
"T-Fest",83,74,126,544493,"-3.5%",2019-08-08,"Україна","","ua",37
"T-Fest",90,96,139,535524,"4%",2019-11-07,"Україна","","ua",37
"T-Fest",73,67,104,697594,"1.1%",2019-03-07,"Україна","","ua",37
"T-Fest",42,44,117,762263,"-3.3%",2019-06-06,"Україна","","ua",37
"T-Fest",44,76,116,787939,"33%",2019-05-30,"Україна","","ua",37
"T-Fest",54,55,121,643653,"-2%",2019-07-04,"Україна","","ua",37
"T-Fest",86,80,107,559126,"-3.9%",2019-03-28,"Україна","","ua",37
"T-Fest",96,NA,138,514735,"",2019-10-31,"Україна","","ua",37
"T-Fest",93,85,130,518727,"-8.1%",2019-09-05,"Україна","","ua",37
"T-Fest",90,94,109,533924,"7.9%",2019-04-11,"Україна","","ua",37
"T-Fest",70,56,123,561772,"-6%",2019-07-18,"Україна","","ua",37
"T-Fest",53,51,119,660453,"-4.3%",2019-06-20,"Україна","","ua",37
"T-Fest",85,NA,129,564591,"",2019-08-29,"Україна","","ua",37
"T-Fest",74,82,125,564386,"5.3%",2019-08-01,"Україна","","ua",37
"T-Fest",33,29,99,923431,"-13.3%",2019-01-31,"Україна","","ua",37
"T-Fest",76,84,97,597582,"9.1%",2019-01-17,"Україна","","ua",37
"T-Fest",61,57,102,691265,"-8.3%",2019-02-21,"Україна","","ua",37
"T-Fest",62,73,105,650613,"-6.7%",2019-03-14,"Україна","","ua",37
"The Hardkiss",59,55,142,678244,"-0.7%",2019-09-12,"Україна","","ua",45
"The Hardkiss",35,29,147,896461,"-13.1%",2019-10-17,"Україна","","ua",45
"The Hardkiss",72,70,132,535151,"-7.6%",2019-07-04,"Україна","","ua",45
"The Hardkiss",65,61,136,604113,"-1.4%",2019-08-01,"Україна","","ua",45
"The Hardkiss",38,44,110,824773,"2.2%",2019-01-31,"Україна","","ua",45
"The Hardkiss",62,66,134,588388,"4.8%",2019-07-18,"Україна","","ua",45
"The Hardkiss",28,65,138,1024893,"61.8%",2019-08-15,"Україна","","ua",45
"The Hardkiss",26,22,118,1066517,"-16.7%",2019-03-28,"Україна","","ua",45
"The Hardkiss",50,44,122,782381,"-8.5%",2019-04-25,"Україна","","ua",45
"The Hardkiss",55,61,141,682860,"-3.9%",2019-09-05,"Україна","","ua",45
"The Hardkiss",40,47,113,864409,"5.3%",2019-02-21,"Україна","","ua",45
"The Hardkiss",47,40,114,834948,"-3.4%",2019-02-28,"Україна","","ua",45
"The Hardkiss",61,62,135,612596,"4.1%",2019-07-25,"Україна","","ua",45
"The Hardkiss",54,45,125,693765,"-8.6%",2019-05-16,"Україна","","ua",45
"The Hardkiss",61,53,129,621762,"-11%",2019-06-13,"Україна","","ua",45
"The Hardkiss",66,72,133,561670,"5%",2019-07-11,"Україна","","ua",45
"The Hardkiss",53,55,128,698477,"-3.9%",2019-06-06,"Україна","","ua",45
"The Hardkiss",34,35,148,869153,"-3%",2019-10-24,"Україна","","ua",45
"The Hardkiss",68,61,130,583064,"-6.2%",2019-06-20,"Україна","","ua",45
"The Hardkiss",47,43,112,821164,"-1.8%",2019-02-14,"Україна","","ua",45
"The Hardkiss",22,55,116,1229012,"49.8%",2019-03-14,"Україна","","ua",45
"The Hardkiss",65,65,137,633361,"4.8%",2019-08-08,"Україна","","ua",45
"The Hardkiss",70,68,131,578913,"-0.7%",2019-06-27,"Україна","","ua",45
"The Hardkiss",38,55,144,877628,"25.9%",2019-09-26,"Україна","","ua",45
"The Hardkiss",46,28,139,799847,"-22%",2019-08-22,"Україна","","ua",45
"The Hardkiss",62,50,123,662654,"-15.3%",2019-05-02,"Україна","","ua",45
"The Hardkiss",49,55,108,760466,"13.3%",2019-01-17,"Україна","","ua",45
"The Hardkiss",55,47,115,820470,"-1.7%",2019-03-07,"Україна","","ua",45
"The Hardkiss",13,38,145,1651783,"88.2%",2019-10-03,"Україна","","ua",45
"The Hardkiss",55,59,127,726590,"3.4%",2019-05-30,"Україна","","ua",45
"The Hardkiss",44,49,109,806965,"6.1%",2019-01-24,"Україна","","ua",45
"The Hardkiss",33,26,119,901645,"-15.5%",2019-04-04,"Україна","","ua",45
"The Hardkiss",50,34,106,793474,"-20.7%",2019-01-03,"Україна","","ua",45
"The Hardkiss",39,33,120,845245,"-6.3%",2019-04-11,"Україна","","ua",45
"The Hardkiss",43,38,111,835826,"1.3%",2019-02-07,"Україна","","ua",45
"The Hardkiss",44,48,150,782429,"-3.5%",2019-11-07,"Україна","","ua",45
"The Hardkiss",22,22,117,1279670,"4.1%",2019-03-21,"Україна","","ua",45
"The Hardkiss",59,54,126,702846,"1.3%",2019-05-23,"Україна","","ua",45
"The Hardkiss",29,13,146,1031967,"-37.5%",2019-10-10,"Україна","","ua",45
"The Hardkiss",55,50,107,671396,"-15.4%",2019-01-10,"Україна","","ua",45
"The Hardkiss",61,46,140,710788,"-11.1%",2019-08-29,"Україна","","ua",45
"The Hardkiss",55,59,143,697136,"2.8%",2019-09-19,"Україна","","ua",45
"The Hardkiss",48,34,149,810599,"-6.7%",2019-10-31,"Україна","","ua",45
"The Hardkiss",45,62,124,758918,"14.5%",2019-05-09,"Україна","","ua",45
"The Hardkiss",44,39,121,855307,"1.2%",2019-04-18,"Україна","","ua",45
"Алина Гросу",82,NA,26,585664,"",2019-04-18,"Україна","","ua",20
"Алина Гросу",40,39,35,853325,"-3%",2019-09-05,"Україна","","ua",20
"Алина Гросу",10,NA,25,2060540,"",2019-04-04,"Україна","","ua",20
"Алина Гросу",32,30,33,978111,"-0.5%",2019-08-22,"Україна","","ua",20
"Алина Гросу",43,40,36,797782,"-6.5%",2019-09-12,"Україна","","ua",20
"Алина Гросу",22,32,41,1197911,"25.5%",2019-10-17,"Україна","","ua",20
"Алина Гросу",24,22,42,1156324,"-3.5%",2019-10-24,"Україна","","ua",20
"Алина Гросу",32,34,40,954719,"4.3%",2019-10-10,"Україна","","ua",20
"Алина Гросу",31,24,43,1036316,"-10.4%",2019-10-31,"Україна","","ua",20
"Алина Гросу",42,47,38,826480,"7.1%",2019-09-26,"Україна","","ua",20
"Алина Гросу",30,31,32,982856,"-2.9%",2019-08-15,"Україна","","ua",20
"Алина Гросу",13,33,30,1761500,"98.6%",2019-08-01,"Україна","","ua",20
"Алина Гросу",34,31,44,948617,"-8.5%",2019-11-07,"Україна","","ua",20
"Алина Гросу",31,13,31,1012045,"-42.5%",2019-08-08,"Україна","","ua",20
"Алина Гросу",34,42,39,915720,"10.8%",2019-10-03,"Україна","","ua",20
"Алина Гросу",33,38,29,887057,"5.5%",2019-07-25,"Україна","","ua",20
"Алина Гросу",76,NA,27,540120,"",2019-07-11,"Україна","","ua",20
"Алина Гросу",47,43,37,771477,"-3.3%",2019-09-19,"Україна","","ua",20
"Алина Гросу",39,32,34,879984,"-10%",2019-08-29,"Україна","","ua",20
"Алина Гросу",38,76,28,840662,"55.6%",2019-07-18,"Україна","","ua",20
"Ани Лорак",63,55,126,690587,"-6.2%",2019-02-14,"Україна","","ua",44
"Ани Лорак",82,83,145,534832,"0.3%",2019-06-27,"Україна","","ua",44
"Ани Лорак",99,93,132,507294,"-1.3%",2019-03-28,"Україна","","ua",44
"Ани Лорак",19,20,122,1193347,"0.4%",2019-01-17,"Україна","","ua",44
"Ани Лорак",64,77,143,613320,"5.1%",2019-06-13,"Україна","","ua",44
"Ани Лорак",76,65,148,546302,"-3.2%",2019-07-18,"Україна","","ua",44
"Ани Лорак",81,72,128,618479,"-6.6%",2019-02-28,"Україна","","ua",44
"Ани Лорак",33,44,161,937409,"17.1%",2019-10-17,"Україна","","ua",44
"Ани Лорак",85,90,150,520863,"3.2%",2019-08-01,"Україна","","ua",44
"Ани Лорак",72,63,127,662120,"-4.1%",2019-02-21,"Україна","","ua",44
"Ани Лорак",96,100,134,493657,"4.2%",2019-04-11,"Україна","","ua",44
"Ани Лорак",44,43,156,794217,"-4.1%",2019-09-12,"Україна","","ua",44
"Ани Лорак",36,53,159,905590,"25.1%",2019-10-03,"Україна","","ua",44
"Ани Лорак",53,44,157,743013,"-6.4%",2019-09-19,"Україна","","ua",44
"Ани Лорак",66,60,138,604576,"-9.8%",2019-05-09,"Україна","","ua",44
"Ани Лорак",41,45,164,819598,"-0.9%",2019-11-07,"Україна","","ua",44
"Ани Лорак",83,64,144,533354,"-13%",2019-06-20,"Україна","","ua",44
"Ани Лорак",41,33,162,811455,"-13.4%",2019-10-24,"Україна","","ua",44
"Ани Лорак",67,87,141,649015,"17.9%",2019-05-30,"Україна","","ua",44
"Ани Лорак",45,41,163,827322,"2%",2019-10-31,"Україна","","ua",44
"Ани Лорак",93,89,131,514160,"-5.2%",2019-03-21,"Україна","","ua",44
"Ани Лорак",89,49,130,542485,"-39.4%",2019-03-14,"Україна","","ua",44
"Ани Лорак",54,40,154,731552,"-12.8%",2019-08-29,"Україна","","ua",44
"Ани Лорак",35,39,136,895182,"-2.9%",2019-04-25,"Україна","","ua",44
"Ани Лорак",77,67,142,583416,"-10.1%",2019-06-06,"Україна","","ua",44
"Ани Лорак",56,21,124,696463,"-43.4%",2019-01-31,"Україна","","ua",44
"Ани Лорак",100,99,133,473740,"-6.6%",2019-04-04,"Україна","","ua",44
"Ани Лорак",57,82,146,615771,"15.1%",2019-07-04,"Україна","","ua",44
"Ани Лорак",65,57,147,564499,"-8.3%",2019-07-11,"Україна","","ua",44
"Ани Лорак",21,19,123,1230009,"3.1%",2019-01-24,"Україна","","ua",44
"Ани Лорак",39,96,135,921832,"86.7%",2019-04-18,"Україна","","ua",44
"Ани Лорак",20,22,121,1188268,"-11.6%",2019-01-10,"Україна","","ua",44
"Ани Лорак",55,56,125,735882,"5.7%",2019-02-07,"Україна","","ua",44
"Ани Лорак",49,NA,152,753164,"",2019-08-15,"Україна","","ua",44
"Ани Лорак",22,25,120,1344709,"10.7%",2019-01-03,"Україна","","ua",44
"Ани Лорак",71,66,139,601527,"-0.5%",2019-05-16,"Україна","","ua",44
"Ани Лорак",53,53,158,723895,"-2.6%",2019-09-26,"Україна","","ua",44
"Ани Лорак",90,76,149,504929,"-7.6%",2019-07-25,"Україна","","ua",44
"Ани Лорак",60,35,137,670019,"-25.2%",2019-05-02,"Україна","","ua",44
"Ани Лорак",40,49,153,839277,"11.4%",2019-08-22,"Україна","","ua",44
"Ани Лорак",49,81,129,895272,"44.8%",2019-03-07,"Україна","","ua",44
"Ани Лорак",44,36,160,800379,"-11.6%",2019-10-10,"Україна","","ua",44
"Ани Лорак",87,71,140,550603,"-8.5%",2019-05-23,"Україна","","ua",44
"Ани Лорак",43,54,155,827998,"13.2%",2019-09-05,"Україна","","ua",44
"Анна Седокова",85,NA,18,621542,"",2019-03-07,"Україна","","ua",4
"Анна Седокова",66,NA,12,609163,"",2019-01-10,"Україна","","ua",4
"Анна Седокова",83,54,16,608331,"-13.9%",2019-02-07,"Україна","","ua",4
"Анна Седокова",54,NA,15,706147,"",2019-01-31,"Україна","","ua",4
"Антитіла",66,73,87,633870,"4.3%",2019-09-19,"Україна","","ua",44
"Антитіла",81,96,61,576746,"10.6%",2019-03-21,"Україна","","ua",44
"Антитіла",75,53,93,622385,"-12.9%",2019-10-31,"Україна","","ua",44
"Антитіла",72,74,52,618951,"8.2%",2019-01-17,"Україна","","ua",44
"Антитіла",41,38,69,809734,"-1.5%",2019-05-16,"Україна","","ua",44
"Антитіла",60,71,54,678468,"5.1%",2019-01-31,"Україна","","ua",44
"Антитіла",94,100,91,479954,"0.5%",2019-10-17,"Україна","","ua",44
"Антитіла",56,25,74,643070,"-43.9%",2019-06-20,"Україна","","ua",44
"Антитіла",96,44,60,521640,"-44.3%",2019-03-14,"Україна","","ua",44
"Антитіла",38,28,67,828624,"-22%",2019-05-02,"Україна","","ua",44
"Антитіла",73,75,86,607606,"5.5%",2019-09-12,"Україна","","ua",44
"Антитіла",90,66,77,480175,"-13.6%",2019-07-11,"Україна","","ua",44
"Антитіла",82,83,50,649883,"10.9%",2019-01-03,"Україна","","ua",44
"Антитіла",53,94,92,714682,"48.9%",2019-10-24,"Україна","","ua",44
"Антитіла",75,79,85,576088,"-5%",2019-09-05,"Україна","","ua",44
"Антитіла",28,12,66,1062169,"-44.5%",2019-04-25,"Україна","","ua",44
"Антитіла",87,75,94,542009,"-12.9%",2019-11-07,"Україна","","ua",44
"Антитіла",41,41,70,810105,"0%",2019-05-23,"Україна","","ua",44
"Антитіла",44,NA,59,937336,"",2019-03-07,"Україна","","ua",44
"Антитіла",70,82,79,578566,"13.6%",2019-07-25,"Україна","","ua",44
"Антитіла",71,66,88,620843,"-2.1%",2019-09-26,"Україна","","ua",44
"Антитіла",70,71,81,599576,"3.1%",2019-08-08,"Україна","","ua",44
"Антитіла",56,60,55,731259,"7.8%",2019-02-07,"Україна","","ua",44
"Антитіла",47,70,82,764647,"27.5%",2019-08-15,"Україна","","ua",44
"Антитіла",65,56,75,593965,"-7.6%",2019-06-27,"Україна","","ua",44
"Антитіла",71,70,80,581294,"0.5%",2019-08-01,"Україна","","ua",44
"Антитіла",38,38,68,821750,"-0.8%",2019-05-09,"Україна","","ua",44
"Антитіла",100,78,90,477696,"-23%",2019-10-10,"Україна","","ua",44
"Антитіла",78,81,62,602465,"4.5%",2019-03-28,"Україна","","ua",44
"Антитіла",35,60,57,952723,"34.9%",2019-02-21,"Україна","","ua",44
"Антитіла",73,47,83,622199,"-18.6%",2019-08-22,"Україна","","ua",44
"Антитіла",74,82,51,571826,"-12%",2019-01-10,"Україна","","ua",44
"Антитіла",71,78,63,606844,"0.7%",2019-04-04,"Україна","","ua",44
"Антитіла",6,37,72,2364725,"163%",2019-06-06,"Україна","","ua",44
"Антитіла",66,65,76,555679,"-6.4%",2019-07-04,"Україна","","ua",44
"Антитіла",78,71,89,620139,"-0.1%",2019-10-03,"Україна","","ua",44
"Антитіла",25,6,73,1146415,"-51.5%",2019-06-13,"Україна","","ua",44
"Антитіла",79,73,84,606725,"-2.5%",2019-08-29,"Україна","","ua",44
"Антитіла",37,41,71,898973,"11%",2019-05-30,"Україна","","ua",44
"Антитіла",12,66,65,1912780,"203.1%",2019-04-18,"Україна","","ua",44
"Антитіла",82,90,78,509500,"6.1%",2019-07-18,"Україна","","ua",44
"Антитіла",71,72,53,645567,"4.3%",2019-01-24,"Україна","","ua",44
"Антитіла",60,56,56,706364,"-3.4%",2019-02-14,"Україна","","ua",44
"Антитіла",66,71,64,631007,"4%",2019-04-11,"Україна","","ua",44
"Без обмежень",44,44,62,724242,"-3%",2019-06-20,"Україна","","ua",45
"Без обмежень",41,45,50,876510,"1.4%",2019-03-28,"Україна","","ua",45
"Без обмежень",30,31,77,1011333,"6.5%",2019-10-03,"Україна","","ua",45
"Без обмежень",37,36,60,818746,"-10%",2019-06-06,"Україна","","ua",45
"Без обмежень",37,34,82,877946,"-2.6%",2019-11-07,"Україна","","ua",45
"Без обмежень",28,25,44,1153327,"-8.7%",2019-02-14,"Україна","","ua",45
"Без обмежень",39,44,66,813753,"12.9%",2019-07-18,"Україна","","ua",45
"Без обмежень",99,89,38,557022,"2.8%",2019-01-03,"Україна","","ua",45
"Без обмежень",41,39,67,791357,"-2.8%",2019-07-25,"Україна","","ua",45
"Без обмежень",45,39,49,864816,"-7%",2019-03-21,"Україна","","ua",45
"Без обмежень",39,42,55,801461,"-4.7%",2019-05-02,"Україна","","ua",45
"Без обмежень",34,28,75,935413,"-6.5%",2019-09-19,"Україна","","ua",45
"Без обмежень",41,41,68,797423,"0.8%",2019-08-01,"Україна","","ua",45
"Без обмежень",44,47,64,696078,"-1.7%",2019-07-04,"Україна","","ua",45
"Без обмежень",42,42,52,830031,"4.2%",2019-04-11,"Україна","","ua",45
"Без обмежень",41,42,53,901618,"8.6%",2019-04-18,"Україна","","ua",45
"Без обмежень",34,29,71,941020,"-4.8%",2019-08-22,"Україна","","ua",45
"Без обмежень",19,15,42,1423748,"-6.3%",2019-01-31,"Україна","","ua",45
"Без обмежень",34,32,81,901648,"-0.3%",2019-10-31,"Україна","","ua",45
"Без обмежень",25,19,43,1263183,"-11.3%",2019-02-07,"Україна","","ua",45
"Без обмежень",47,44,63,708137,"-2.2%",2019-06-27,"Україна","","ua",45
"Без обмежень",42,41,51,796230,"-9.2%",2019-04-04,"Україна","","ua",45
"Без обмежень",31,34,76,949699,"1.5%",2019-09-26,"Україна","","ua",45
"Без обмежень",24,33,73,1070464,"13.7%",2019-09-05,"Україна","","ua",45
"Без обмежень",25,31,57,1146181,"15.6%",2019-05-16,"Україна","","ua",45
"Без обмежень",33,34,72,941379,"0%",2019-08-29,"Україна","","ua",45
"Без обмежень",32,37,80,904710,"2.4%",2019-10-24,"Україна","","ua",45
"Без обмежень",25,41,69,1194038,"49.7%",2019-08-08,"Україна","","ua",45
"Без обмежень",42,41,54,840629,"-6.8%",2019-04-25,"Україна","","ua",45
"Без обмежень",37,31,79,883535,"-8.9%",2019-10-17,"Україна","","ua",45
"Без обмежень",31,30,78,970200,"-4.1%",2019-10-10,"Україна","","ua",45
"Без обмежень",22,18,46,1315453,"-11.5%",2019-02-28,"Україна","","ua",45
"Без обмежень",33,25,58,948894,"-17.2%",2019-05-23,"Україна","","ua",45
"Без обмежень",39,26,48,930186,"-24.1%",2019-03-14,"Україна","","ua",45
"Без обмежень",31,39,56,991206,"23.7%",2019-05-09,"Україна","","ua",45
"Без обмежень",18,28,45,1485714,"28.8%",2019-02-21,"Україна","","ua",45
"Без обмежень",25,96,40,1042947,"109.6%",2019-01-17,"Україна","","ua",45
"Без обмежень",15,25,41,1519244,"45.7%",2019-01-24,"Україна","","ua",45
"Без обмежень",29,25,70,988816,"-17.2%",2019-08-15,"Україна","","ua",45
"Без обмежень",44,37,61,746557,"-8.8%",2019-06-13,"Україна","","ua",45
"Без обмежень",26,22,47,1225841,"-6.8%",2019-03-07,"Україна","","ua",45
"Без обмежень",96,99,39,497605,"-10.7%",2019-01-10,"Україна","","ua",45
"Без обмежень",28,24,74,1000460,"-6.5%",2019-09-12,"Україна","","ua",45
"Без обмежень",36,33,59,910156,"-4.1%",2019-05-30,"Україна","","ua",45
"Без обмежень",44,44,65,720620,"3.5%",2019-07-11,"Україна","","ua",45
"Бумбокс",92,89,68,471675,"-1.7%",2019-07-11,"Україна","","ua",30
"Бумбокс",48,48,60,726318,"-0.9%",2019-05-16,"Україна","","ua",30
"Бумбокс",75,95,73,604472,"18.4%",2019-08-15,"Україна","","ua",30
"Бумбокс",51,62,84,774338,"15.9%",2019-10-31,"Україна","","ua",30
"Бумбокс",85,91,66,528117,"3.6%",2019-06-27,"Україна","","ua",30
"Бумбокс",68,66,82,642953,"-0.3%",2019-10-17,"Україна","","ua",30
"Бумбокс",95,NA,72,510697,"",2019-08-08,"Україна","","ua",30
"Бумбокс",60,76,76,652136,"5.6%",2019-09-05,"Україна","","ua",30
"Бумбокс",76,77,75,617629,"0.6%",2019-08-29,"Україна","","ua",30
"Бумбокс",48,48,59,733172,"-3%",2019-05-09,"Україна","","ua",30
"Бумбокс",78,NA,54,556863,"",2019-04-04,"Україна","","ua",30
"Бумбокс",29,23,78,999554,"-14.5%",2019-09-19,"Україна","","ua",30
"Бумбокс",76,60,64,546294,"-17.8%",2019-06-13,"Україна","","ua",30
"Бумбокс",62,68,83,667826,"3.9%",2019-10-24,"Україна","","ua",30
"Бумбокс",93,92,69,473895,"0.5%",2019-07-18,"Україна","","ua",30
"Бумбокс",91,76,65,509538,"-6.7%",2019-06-20,"Україна","","ua",30
"Бумбокс",23,60,77,1169434,"79.3%",2019-09-12,"Україна","","ua",30
"Бумбокс",89,85,67,479949,"-9.1%",2019-07-04,"Україна","","ua",30
"Бумбокс",77,75,74,613828,"1.5%",2019-08-22,"Україна","","ua",30
"Бумбокс",13,78,55,1875136,"236.7%",2019-04-11,"Україна","","ua",30
"Бумбокс",41,29,79,862625,"-13.7%",2019-09-26,"Україна","","ua",30
"Бумбокс",38,24,57,892877,"-28.3%",2019-04-25,"Україна","","ua",30
"Бумбокс",55,48,61,711293,"-2.1%",2019-05-23,"Україна","","ua",30
"Бумбокс",47,41,80,789963,"-8.4%",2019-10-03,"Україна","","ua",30
"Бумбокс",48,38,58,755800,"-15.4%",2019-05-02,"Україна","","ua",30
"Бумбокс",58,55,62,703893,"-1%",2019-05-30,"Україна","","ua",30
"Бумбокс",24,13,56,1245116,"-33.6%",2019-04-18,"Україна","","ua",30
"Бумбокс",66,47,81,644880,"-18.4%",2019-10-10,"Україна","","ua",30
"Бумбокс",60,58,63,664727,"-5.6%",2019-06-06,"Україна","","ua",30
"Бумбокс",60,51,85,665973,"-14%",2019-11-07,"Україна","","ua",30
"Вера Брежнева",69,69,65,673993,"1%",2019-02-28,"Україна","","ua",3
"Вера Брежнева",91,NA,66,508899,"",2019-06-13,"Україна","","ua",3
"Вера Брежнева",69,NA,64,667603,"",2019-02-21,"Україна","","ua",3
"Верка Сердючка",70,NA,4,709164,"",2019-01-03,"Україна","","ua",1
"Время и Стекло",5,7,137,2460547,"3.3%",2019-05-02,"Україна","","ua",45
"Время и Стекло",5,3,134,2637632,"-3.5%",2019-04-11,"Україна","","ua",45
"Время и Стекло",12,10,124,1763873,"-5.8%",2019-01-31,"Україна","","ua",45
"Время и Стекло",22,20,129,1347533,"-1.7%",2019-03-07,"Україна","","ua",45
"Время и Стекло",12,13,153,1713835,"-0.4%",2019-08-22,"Україна","","ua",45
"Время и Стекло",12,10,150,1870420,"-7.7%",2019-08-01,"Україна","","ua",45
"Время и Стекло",8,5,135,2517332,"-4.6%",2019-04-18,"Україна","","ua",45
"Время и Стекло",20,17,128,1371096,"-7.8%",2019-02-28,"Україна","","ua",45
"Время и Стекло",20,20,162,1258635,"3.2%",2019-10-24,"Україна","","ua",45
"Время и Стекло",18,17,156,1444914,"-3.7%",2019-09-12,"Україна","","ua",45
"Время и Стекло",7,8,136,2383095,"-5.3%",2019-04-25,"Україна","","ua",45
"Время и Стекло",6,6,120,2571714,"18.7%",2019-01-03,"Україна","","ua",45
"Время и Стекло",4,5,141,2402803,"5.2%",2019-05-30,"Україна","","ua",45
"Время и Стекло",21,22,130,1234278,"-8.4%",2019-03-14,"Україна","","ua",45
"Время и Стекло",25,21,131,1175990,"-4.7%",2019-03-21,"Україна","","ua",45
"Время и Стекло",15,15,126,1686628,"-0.2%",2019-02-14,"Україна","","ua",45
"Время и Стекло",6,4,139,2346283,"-0.5%",2019-05-16,"Україна","","ua",45
"Время и Стекло",2,25,132,3746063,"218.5%",2019-03-28,"Україна","","ua",45
"Время и Стекло",6,6,144,2659138,"17.3%",2019-06-20,"Україна","","ua",45
"Время и Стекло",17,15,127,1487520,"-11.8%",2019-02-21,"Україна","","ua",45
"Время и Стекло",9,6,122,1972983,"-3.3%",2019-01-17,"Україна","","ua",45
"Время и Стекло",22,23,160,1269793,"-0.9%",2019-10-10,"Україна","","ua",45
"Время и Стекло",20,22,161,1219576,"-4%",2019-10-17,"Україна","","ua",45
"Время и Стекло",9,20,163,2205949,"75.3%",2019-10-31,"Україна","","ua",45
"Время и Стекло",16,12,154,1640172,"-4.3%",2019-08-29,"Україна","","ua",45
"Время и Стекло",24,18,158,1304385,"-5.3%",2019-09-26,"Україна","","ua",45
"Время и Стекло",5,6,140,2284263,"-2.6%",2019-05-23,"Україна","","ua",45
"Время и Стекло",10,9,123,1873101,"-5.1%",2019-01-24,"Україна","","ua",45
"Время и Стекло",4,6,145,2535732,"-4.6%",2019-06-27,"Україна","","ua",45
"Время и Стекло",15,12,125,1690674,"-4.1%",2019-02-07,"Україна","","ua",45
"Время и Стекло",7,5,148,2127257,"-15.8%",2019-07-18,"Україна","","ua",45
"Время и Стекло",6,9,164,2311568,"4.8%",2019-11-07,"Україна","","ua",45
"Время и Стекло",5,4,146,2235269,"-11.8%",2019-07-04,"Україна","","ua",45
"Время и Стекло",7,4,142,2189778,"-8.9%",2019-06-06,"Україна","","ua",45
"Время и Стекло",13,12,152,1720783,"-3.1%",2019-08-15,"Україна","","ua",45
"Время и Стекло",6,7,143,2267502,"3.5%",2019-06-13,"Україна","","ua",45
"Время и Стекло",18,18,157,1376699,"-4.7%",2019-09-19,"Україна","","ua",45
"Время и Стекло",23,24,159,1280908,"-1.8%",2019-10-03,"Україна","","ua",45
"Время и Стекло",3,2,133,2732080,"-27.1%",2019-04-04,"Україна","","ua",45
"Время и Стекло",5,5,147,2525180,"13%",2019-07-11,"Україна","","ua",45
"Время и Стекло",6,6,121,2040774,"-20.6%",2019-01-10,"Україна","","ua",45
"Время и Стекло",12,12,151,1776034,"-5%",2019-08-08,"Україна","","ua",45
"Время и Стекло",4,5,138,2357378,"-4.2%",2019-05-09,"Україна","","ua",45
"Время и Стекло",17,16,155,1501118,"-8.5%",2019-09-05,"Україна","","ua",45
"Время и Стекло",10,7,149,2025705,"-4.8%",2019-07-25,"Україна","","ua",45
"Злата Огневич",100,NA,4,480631,"",2019-06-06,"Україна","","ua",1
"Ірина Федишин",91,NA,96,582908,"",2019-01-31,"Україна","","ua",2
"Ірина Федишин",88,NA,95,535999,"",2019-01-10,"Україна","","ua",2
"Христина Соловій",62,NA,107,678573,"",2019-01-24,"Україна","","ua",13
"Христина Соловій",81,94,124,573117,"11.4%",2019-05-23,"Україна","","ua",13
"Христина Соловій",91,59,127,473107,"-25.2%",2019-07-04,"Україна","","ua",13
"Христина Соловій",85,81,125,560907,"-2.1%",2019-05-30,"Україна","","ua",13
"Христина Соловій",94,NA,123,514663,"",2019-05-16,"Україна","","ua",13
"Христина Соловій",100,66,109,565319,"-14.7%",2019-02-07,"Україна","","ua",13
"Христина Соловій",66,62,108,663101,"-2.3%",2019-01-31,"Україна","","ua",13
"Христина Соловій",78,NA,113,660924,"",2019-03-07,"Україна","","ua",13
"Христина Соловій",100,91,128,447852,"-5.3%",2019-07-11,"Україна","","ua",13
"Христина Соловій",59,NA,126,632291,"",2019-06-27,"Україна","","ua",13
"Христина Соловій",99,100,110,569760,"0.8%",2019-02-14,"Україна","","ua",13
"Христина Соловій",94,78,114,523872,"-20.7%",2019-03-14,"Україна","","ua",13
"Христина Соловій",83,99,111,614823,"7.9%",2019-02-21,"Україна","","ua",13
"Макс Барских",17,17,122,1257377,"0.6%",2019-01-17,"Україна","","ua",45
"Макс Барских",6,5,129,2419808,"-8.7%",2019-03-07,"Україна","","ua",45
"Макс Барских",13,16,136,1772998,"0.1%",2019-04-25,"Україна","","ua",45
"Макс Барских",16,13,140,1653046,"-0.3%",2019-05-23,"Україна","","ua",45
"Макс Барских",23,22,151,1244930,"-2.3%",2019-08-08,"Україна","","ua",45
"Макс Барских",8,22,126,2308581,"69.9%",2019-02-14,"Україна","","ua",45
"Макс Барских",14,16,120,1624588,"17.7%",2019-01-03,"Україна","","ua",45
"Макс Барских",16,19,134,1689575,"7%",2019-04-11,"Україна","","ua",45
"Макс Барских",13,18,139,1658517,"10.7%",2019-05-16,"Україна","","ua",45
"Макс Барских",19,13,137,1552916,"-12.4%",2019-05-02,"Україна","","ua",45
"Макс Барских",11,22,155,1781983,"45.2%",2019-09-05,"Україна","","ua",45
"Макс Барских",23,23,153,1274119,"-2%",2019-08-22,"Україна","","ua",45
"Макс Барских",18,17,124,1424214,"0.9%",2019-01-31,"Україна","","ua",45
"Макс Барских",19,15,144,1516726,"-1.6%",2019-06-20,"Україна","","ua",45
"Макс Барских",20,20,160,1310302,"-8.3%",2019-10-10,"Україна","","ua",45
"Макс Барских",17,16,158,1463575,"-4.6%",2019-09-26,"Україна","","ua",45
"Макс Барских",19,19,145,1412316,"-6.9%",2019-06-27,"Україна","","ua",45
"Макс Барских",18,24,162,1283661,"12.7%",2019-10-24,"Україна","","ua",45
"Макс Барских",17,14,121,1249273,"-23.1%",2019-01-10,"Україна","","ua",45
"Макс Барских",19,17,148,1413139,"-2%",2019-07-18,"Україна","","ua",45
"Макс Барских",18,19,138,1498650,"-3.5%",2019-05-09,"Україна","","ua",45
"Макс Барских",23,23,152,1300637,"4.5%",2019-08-15,"Україна","","ua",45
"Макс Барских",27,25,164,1140137,"-3.6%",2019-11-07,"Україна","","ua",45
"Макс Барских",16,16,157,1534487,"-1.9%",2019-09-19,"Україна","","ua",45
"Макс Барских",5,8,127,2997072,"29.8%",2019-02-21,"Україна","","ua",45
"Макс Барских",15,14,143,1540649,"-6.8%",2019-06-13,"Україна","","ua",45
"Макс Барских",21,19,146,1347294,"-4.6%",2019-07-04,"Україна","","ua",45
"Макс Барских",25,18,163,1183052,"-7.8%",2019-10-31,"Україна","","ua",45
"Макс Барских",19,11,133,1578566,"-8.2%",2019-04-04,"Україна","","ua",45
"Макс Барских",24,20,161,1138969,"-13.1%",2019-10-17,"Україна","","ua",45
"Макс Барских",5,5,128,2651761,"-11.5%",2019-02-28,"Україна","","ua",45
"Макс Барских",20,17,159,1428791,"-2.4%",2019-10-03,"Україна","","ua",45
"Макс Барских",9,6,130,1833122,"-24.2%",2019-03-14,"Україна","","ua",45
"Макс Барских",17,21,147,1442154,"7%",2019-07-11,"Україна","","ua",45
"Макс Барских",11,14,132,1719492,"6.9%",2019-03-28,"Україна","","ua",45
"Макс Барских",16,16,135,1771401,"4.8%",2019-04-18,"Україна","","ua",45
"Макс Барских",19,16,141,1618920,"-2.1%",2019-05-30,"Україна","","ua",45
"Макс Барских",22,18,125,1358492,"-4.6%",2019-02-07,"Україна","","ua",45
"Макс Барских",22,23,154,1226977,"-3.7%",2019-08-29,"Україна","","ua",45
"Макс Барских",21,19,149,1324364,"-6.3%",2019-07-25,"Україна","","ua",45
"Макс Барских",22,21,150,1273849,"-3.8%",2019-08-01,"Україна","","ua",45
"Макс Барских",16,11,156,1563938,"-12.2%",2019-09-12,"Україна","","ua",45
"Макс Барских",17,17,123,1411350,"12.2%",2019-01-24,"Україна","","ua",45
"Макс Барских",14,9,131,1609124,"-12.2%",2019-03-21,"Україна","","ua",45
"Макс Барских",14,19,142,1652921,"2.1%",2019-06-06,"Україна","","ua",45
"Мари Краймбрери",91,47,50,536423,"-25.7%",2019-08-15,"Україна","","ua",12
"Мари Краймбрери",63,64,56,668017,"1.1%",2019-09-26,"Україна","","ua",12
"Мари Краймбрери",64,74,55,660946,"9.8%",2019-09-19,"Україна","","ua",12
"Мари Краймбрери",44,NA,48,774156,"",2019-08-01,"Україна","","ua",12
"Мари Краймбрери",95,NA,60,524420,"",2019-10-31,"Україна","","ua",12
"Мари Краймбрери",74,63,57,629894,"-5.7%",2019-10-03,"Україна","","ua",12
"Мари Краймбрери",47,44,49,722420,"-6.7%",2019-08-08,"Україна","","ua",12
"Мари Краймбрери",76,74,58,563241,"-10.6%",2019-10-10,"Україна","","ua",12
"Мари Краймбрери",87,91,51,554759,"3.4%",2019-08-22,"Україна","","ua",12
"Мари Краймбрери",74,73,54,601960,"3%",2019-09-12,"Україна","","ua",12
"Мари Краймбрери",80,87,52,603199,"8.7%",2019-08-29,"Україна","","ua",12
"Мари Краймбрери",73,80,53,584619,"-3.1%",2019-09-05,"Україна","","ua",12
"Надя Дорофеева",98,NA,27,557047,"",2019-01-03,"Україна","","ua",1
"НЕАНГЕЛЫ",66,53,117,627195,"-12.7%",2019-08-08,"Україна","","ua",14
"НЕАНГЕЛЫ",39,50,125,820661,"6.8%",2019-10-10,"Україна","","ua",14
"НЕАНГЕЛЫ",90,77,108,521599,"-15%",2019-05-02,"Україна","","ua",14
"НЕАНГЕЛЫ",74,69,127,585567,"-8.4%",2019-10-24,"Україна","","ua",14
"НЕАНГЕЛЫ",88,76,129,540552,"-12.8%",2019-11-07,"Україна","","ua",14
"НЕАНГЕЛЫ",50,48,124,768292,"-2.8%",2019-10-03,"Україна","","ua",14
"НЕАНГЕЛЫ",18,NA,115,1392633,"",2019-07-25,"Україна","","ua",14
"НЕАНГЕЛЫ",27,NA,106,1156976,"",2019-04-18,"Україна","","ua",14
"НЕАНГЕЛЫ",76,74,128,620228,"5.9%",2019-10-31,"Україна","","ua",14
"НЕАНГЕЛЫ",53,18,116,718706,"-48.4%",2019-08-01,"Україна","","ua",14
"НЕАНГЕЛЫ",84,66,118,581228,"-7.3%",2019-08-15,"Україна","","ua",14
"НЕАНГЕЛЫ",69,39,126,639388,"-22.1%",2019-10-17,"Україна","","ua",14
"НЕАНГЕЛЫ",77,27,107,613663,"-47%",2019-04-25,"Україна","","ua",14
"НЕАНГЕЛЫ",48,NA,123,790768,"",2019-09-26,"Україна","","ua",14
"Океан Ельзи",99,NA,122,513660,"",2019-01-17,"Україна","","ua",36
"Океан Ельзи",78,72,136,604920,"-3.5%",2019-04-25,"Україна","","ua",36
"Океан Ельзи",92,89,130,529523,"-12.4%",2019-03-14,"Україна","","ua",36
"Океан Ельзи",9,84,148,2068594,"318.1%",2019-07-18,"Україна","","ua",36
"Океан Ельзи",87,89,126,603410,"1.5%",2019-02-14,"Україна","","ua",36
"Океан Ельзи",87,93,151,523289,"4.8%",2019-08-08,"Україна","","ua",36
"Океан Ельзи",89,90,125,594635,"1.6%",2019-02-07,"Україна","","ua",36
"Океан Ельзи",89,96,129,604813,"5.1%",2019-03-07,"Україна","","ua",36
"Океан Ельзи",92,87,152,533730,"2%",2019-08-15,"Україна","","ua",36
"Океан Ельзи",84,87,138,530596,"-1.7%",2019-05-09,"Україна","","ua",36
"Океан Ельзи",97,96,143,479473,"-2.6%",2019-06-13,"Україна","","ua",36
"Океан Ельзи",88,99,123,567098,"10.4%",2019-01-24,"Україна","","ua",36
"Океан Ельзи",97,97,154,509476,"-2.1%",2019-08-29,"Україна","","ua",36
"Океан Ельзи",85,87,127,609646,"1%",2019-02-21,"Україна","","ua",36
"Океан Ельзи",97,92,153,520228,"-2.5%",2019-08-22,"Україна","","ua",36
"Океан Ельзи",90,88,124,585187,"3.2%",2019-01-31,"Україна","","ua",36
"Океан Ельзи",98,89,162,484396,"-1.4%",2019-10-24,"Україна","","ua",36
"Океан Ельзи",66,9,149,590756,"-71.4%",2019-07-25,"Україна","","ua",36
"Океан Ельзи",82,97,144,534751,"11.5%",2019-06-20,"Україна","","ua",36
"Океан Ельзи",98,NA,160,484410,"",2019-10-10,"Україна","","ua",36
"Океан Ельзи",80,83,146,507292,"-4.9%",2019-07-04,"Україна","","ua",36
"Океан Ельзи",89,98,161,491291,"1.4%",2019-10-17,"Україна","","ua",36
"Океан Ельзи",72,67,135,627124,"-0.4%",2019-04-18,"Україна","","ua",36
"Океан Ельзи",93,66,150,499171,"-15.5%",2019-08-01,"Україна","","ua",36
"Океан Ельзи",87,78,137,539677,"-10.8%",2019-05-02,"Україна","","ua",36
"Океан Ельзи",95,92,131,509382,"-3.8%",2019-03-21,"Україна","","ua",36
"Океан Ельзи",67,77,134,629904,"11.2%",2019-04-11,"Україна","","ua",36
"Океан Ельзи",96,85,128,575538,"-5.6%",2019-02-28,"Україна","","ua",36
"Океан Ельзи",84,80,147,494815,"-2.5%",2019-07-11,"Україна","","ua",36
"Океан Ельзи",82,84,140,563627,"1.9%",2019-05-23,"Україна","","ua",36
"Океан Ельзи",84,84,139,553093,"4.2%",2019-05-16,"Україна","","ua",36
"Океан Ельзи",95,95,132,520611,"2.2%",2019-03-28,"Україна","","ua",36
"Океан Ельзи",77,95,133,566424,"8.8%",2019-04-04,"Україна","","ua",36
"Океан Ельзи",96,79,142,492098,"-15.6%",2019-06-06,"Україна","","ua",36
"Океан Ельзи",79,82,141,583316,"3.5%",2019-05-30,"Україна","","ua",36
"Океан Ельзи",83,82,145,533324,"-0.3%",2019-06-27,"Україна","","ua",36
"Олег Винник",13,14,141,1992612,"19%",2019-05-30,"Україна","","ua",45
"Олег Винник",14,10,140,1674613,"-7.6%",2019-05-23,"Україна","","ua",45
"Олег Винник",17,17,149,1418691,"-3.2%",2019-07-25,"Україна","","ua",45
"Олег Винник",19,17,150,1405357,"-0.9%",2019-08-01,"Україна","","ua",45
"Олег Винник",14,11,143,1589319,"-12.7%",2019-06-13,"Україна","","ua",45
"Олег Винник",18,21,161,1295320,"1.2%",2019-10-17,"Україна","","ua",45
"Олег Винник",5,2,122,2570538,"-13.3%",2019-01-17,"Україна","","ua",45
"Олег Винник",26,18,162,1076320,"-16.9%",2019-10-24,"Україна","","ua",45
"Олег Винник",18,16,145,1489488,"-10.2%",2019-06-27,"Україна","","ua",45
"Олег Винник",17,14,156,1445751,"-12%",2019-09-12,"Україна","","ua",45
"Олег Винник",14,13,155,1643364,"-12.4%",2019-09-05,"Україна","","ua",45
"Олег Винник",9,6,131,1890929,"-16.7%",2019-03-21,"Україна","","ua",45
"Олег Винник",10,9,138,1928040,"-10.3%",2019-05-09,"Україна","","ua",45
"Олег Винник",8,7,127,2648761,"6.1%",2019-02-21,"Україна","","ua",45
"Олег Винник",21,19,159,1392571,"1.1%",2019-10-03,"Україна","","ua",45
"Олег Винник",19,18,147,1436277,"0.3%",2019-07-11,"Україна","","ua",45
"Олег Винник",17,18,152,1539520,"0%",2019-08-15,"Україна","","ua",45
"Олег Винник",18,19,151,1539272,"9.5%",2019-08-08,"Україна","","ua",45
"Олег Винник",28,26,164,1138394,"-1.8%",2019-11-07,"Україна","","ua",45
"Олег Винник",18,18,146,1432282,"-3.8%",2019-07-04,"Україна","","ua",45
"Олег Винник",13,12,135,1894286,"-4.8%",2019-04-18,"Україна","","ua",45
"Олег Винник",3,7,120,3238813,"50.6%",2019-01-03,"Україна","","ua",45
"Олег Винник",20,17,157,1335335,"-7.6%",2019-09-19,"Україна","","ua",45
"Олег Винник",2,3,121,2963180,"-8.5%",2019-01-10,"Україна","","ua",45
"Олег Винник",10,9,132,1904034,"0.7%",2019-03-28,"Україна","","ua",45
"Олег Винник",9,14,137,2150037,"23.6%",2019-05-02,"Україна","","ua",45
"Олег Винник",21,21,160,1279367,"-8.1%",2019-10-10,"Україна","","ua",45
"Олег Винник",26,26,163,1159728,"7.7%",2019-10-31,"Україна","","ua",45
"Олег Винник",16,14,144,1657884,"4.3%",2019-06-20,"Україна","","ua",45
"Олег Винник",13,17,154,1875701,"26.6%",2019-08-29,"Україна","","ua",45
"Олег Винник",19,20,158,1377641,"3.2%",2019-09-26,"Україна","","ua",45
"Олег Винник",10,10,139,1811936,"-6%",2019-05-16,"Україна","","ua",45
"Олег Винник",3,5,123,2541847,"-1.1%",2019-01-24,"Україна","","ua",45
"Олег Винник",11,13,142,1820091,"-8.7%",2019-06-06,"Україна","","ua",45
"Олег Винник",7,2,125,2409583,"-2.4%",2019-02-07,"Україна","","ua",45
"Олег Винник",17,19,148,1466188,"2.1%",2019-07-18,"Україна","","ua",45
"Олег Винник",2,3,124,2467958,"-2.9%",2019-01-31,"Україна","","ua",45
"Олег Винник",7,7,126,2495771,"3.6%",2019-02-14,"Україна","","ua",45
"Олег Винник",17,17,153,1481170,"-3.8%",2019-08-22,"Україна","","ua",45
"Олег Винник",5,9,129,2742866,"16.6%",2019-03-07,"Україна","","ua",45
"Олег Винник",14,13,136,1739673,"-8.2%",2019-04-25,"Україна","","ua",45
"Олег Винник",9,8,128,2351364,"-11.2%",2019-02-28,"Україна","","ua",45
"Олег Винник",6,5,130,2269583,"-17.3%",2019-03-14,"Україна","","ua",45
"Олег Винник",12,14,134,1988848,"15.8%",2019-04-11,"Україна","","ua",45
"Олег Винник",14,10,133,1717953,"-9.8%",2019-04-04,"Україна","","ua",45
"ОЛЬГА ГОРБАЧЕВА",17,NA,2,1512947,"",2019-03-07,"Україна","","ua",1
"Оля Полякова",66,56,147,600747,"-9.1%",2019-08-01,"Україна","","ua",45
"Оля Полякова",40,48,143,753235,"7.6%",2019-07-04,"Україна","","ua",45
"Оля Полякова",40,18,128,907150,"-34.1%",2019-03-21,"Україна","","ua",45
"Оля Полякова",45,35,123,845309,"-10.6%",2019-02-14,"Україна","","ua",45
"Оля Полякова",33,27,118,942025,"-20%",2019-01-10,"Україна","","ua",45
"Оля Полякова",35,51,122,945270,"29.3%",2019-02-07,"Україна","","ua",45
"Оля Полякова",50,31,138,753963,"-21.5%",2019-05-30,"Україна","","ua",45
"Оля Полякова",48,48,159,739504,"-3.1%",2019-10-24,"Україна","","ua",45
"Оля Полякова",56,47,146,660737,"-7.8%",2019-07-25,"Україна","","ua",45
"Оля Полякова",65,63,151,660455,"-3.8%",2019-08-29,"Україна","","ua",45
"Оля Полякова",31,31,137,960849,"-6.7%",2019-05-23,"Україна","","ua",45
"Оля Полякова",28,37,134,1196596,"33.8%",2019-05-02,"Україна","","ua",45
"Оля Полякова",30,28,135,1006218,"-15.9%",2019-05-09,"Україна","","ua",45
"Оля Полякова",56,50,139,677538,"-10.1%",2019-06-06,"Україна","","ua",45
"Оля Полякова",79,65,152,566043,"-14.3%",2019-09-05,"Україна","","ua",45
"Оля Полякова",43,44,161,806304,"-3.1%",2019-11-07,"Україна","","ua",45
"Оля Полякова",60,59,126,773356,"4%",2019-03-07,"Україна","","ua",45
"Оля Полякова",18,60,127,1376893,"78%",2019-03-14,"Україна","","ua",45
"Оля Полякова",55,56,140,654926,"-3.3%",2019-06-13,"Україна","","ua",45
"Оля Полякова",37,33,119,888563,"-5.7%",2019-01-17,"Україна","","ua",45
"Оля Полякова",27,43,117,1177354,"28.5%",2019-01-03,"Україна","","ua",45
"Оля Полякова",50,61,132,774690,"12.5%",2019-04-18,"Україна","","ua",45
"Оля Полякова",51,55,141,683176,"4.3%",2019-06-20,"Україна","","ua",45
"Оля Полякова",53,40,129,769929,"-15.1%",2019-03-28,"Україна","","ua",45
"Оля Полякова",48,40,144,702464,"-6.7%",2019-07-11,"Україна","","ua",45
"Оля Полякова",48,51,142,700046,"2.5%",2019-06-27,"Україна","","ua",45
"Оля Полякова",31,30,136,1029388,"2.3%",2019-05-16,"Україна","","ua",45
"Оля Полякова",37,50,133,894239,"15.4%",2019-04-25,"Україна","","ua",45
"Оля Полякова",44,48,160,832084,"12.5%",2019-10-31,"Україна","","ua",45
"Оля Полякова",77,79,153,572897,"1.2%",2019-09-12,"Україна","","ua",45
"Оля Полякова",89,77,156,561798,"-6.6%",2019-10-03,"Україна","","ua",45
"Оля Полякова",61,57,131,688848,"3.4%",2019-04-11,"Україна","","ua",45
"Оля Полякова",61,66,148,655620,"9.1%",2019-08-08,"Україна","","ua",45
"Оля Полякова",76,77,154,588704,"2.8%",2019-09-19,"Україна","","ua",45
"Оля Полякова",51,43,121,730910,"-10.2%",2019-01-31,"Україна","","ua",45
"Оля Полякова",48,69,158,763057,"23.2%",2019-10-17,"Україна","","ua",45
"Оля Полякова",69,89,157,619139,"10.2%",2019-10-10,"Україна","","ua",45
"Оля Полякова",47,48,145,716888,"2.1%",2019-07-18,"Україна","","ua",45
"Оля Полякова",57,53,130,665927,"-13.5%",2019-04-04,"Україна","","ua",45
"Оля Полякова",63,62,150,686279,"3.7%",2019-08-22,"Україна","","ua",45
"Оля Полякова",59,46,125,743959,"-6.8%",2019-02-28,"Україна","","ua",45
"Оля Полякова",46,45,124,797831,"-5.6%",2019-02-21,"Україна","","ua",45
"Оля Полякова",62,61,149,662045,"1%",2019-08-15,"Україна","","ua",45
"Оля Полякова",43,37,120,813510,"-8.4%",2019-01-24,"Україна","","ua",45
"Оля Полякова",77,76,155,601749,"2.2%",2019-09-26,"Україна","","ua",45
"Потап и Настя",87,86,124,590300,"4%",2019-01-31,"Україна","","ua",22
"Потап и Настя",65,63,143,598017,"-7.1%",2019-06-13,"Україна","","ua",22
"Потап и Настя",85,88,130,545600,"-10.1%",2019-03-14,"Україна","","ua",22
"Потап и Настя",81,80,126,622206,"0.3%",2019-02-14,"Україна","","ua",22
"Потап и Настя",80,87,125,620222,"5.1%",2019-02-07,"Україна","","ua",22
"Потап и Настя",80,81,127,627267,"0.8%",2019-02-21,"Україна","","ua",22
"Потап и Настя",69,87,156,648321,"27.5%",2019-10-31,"Україна","","ua",22
"Потап и Настя",88,85,129,606637,"0.4%",2019-03-07,"Україна","","ua",22
"Потап и Настя",79,82,122,587301,"5.7%",2019-01-17,"Україна","","ua",22
"Потап и Настя",27,98,141,1215321,"135.2%",2019-05-30,"Україна","","ua",22
"Потап и Настя",49,68,120,795793,"23.2%",2019-01-03,"Україна","","ua",22
"Потап и Настя",66,65,144,594015,"-0.7%",2019-06-20,"Україна","","ua",22
"Потап и Настя",96,92,147,462898,"-2.1%",2019-07-11,"Україна","","ua",22
"Потап и Настя",63,27,142,643734,"-47%",2019-06-06,"Україна","","ua",22
"Потап и Настя",87,NA,155,508599,"",2019-10-24,"Україна","","ua",22
"Потап и Настя",72,69,157,599606,"-7.5%",2019-11-07,"Україна","","ua",22
"Потап и Настя",85,80,128,604488,"-3.6%",2019-02-28,"Україна","","ua",22
"Потап и Настя",81,66,145,534929,"-9.9%",2019-06-27,"Україна","","ua",22
"Потап и Настя",98,NA,140,516663,"",2019-05-23,"Україна","","ua",22
"Потап и Настя",82,49,121,555696,"-30.2%",2019-01-10,"Україна","","ua",22
"Потап и Настя",86,79,123,567792,"-3.3%",2019-01-24,"Україна","","ua",22
"Потап и Настя",92,81,146,472641,"-11.6%",2019-07-04,"Україна","","ua",22
"ПТП",43,58,12,764073,"2.4%",2019-01-10,"Україна","","ua",8
"ПТП",57,43,13,700735,"-8.3%",2019-01-17,"Україна","","ua",8
"ПТП",69,57,14,658975,"-6%",2019-01-24,"Україна","","ua",8
"ПТП",76,64,16,631875,"-5.1%",2019-02-07,"Україна","","ua",8
"ПТП",64,69,15,665631,"1%",2019-01-31,"Україна","","ua",8
"ПТП",80,76,17,629166,"-0.4%",2019-02-14,"Україна","","ua",8
"ПТП",96,80,18,580881,"-7.7%",2019-02-21,"Україна","","ua",8
"ПТП",58,NA,11,746203,"",2019-01-03,"Україна","","ua",8
"Скрябін",92,63,124,571194,"-15.3%",2019-01-31,"Україна","","ua",21
"Скрябін",92,96,138,495109,"-2.2%",2019-05-09,"Україна","","ua",21
"Скрябін",99,90,133,474097,"-12.1%",2019-04-04,"Україна","","ua",21
"Скрябін",92,86,122,524989,"-3.2%",2019-01-17,"Україна","","ua",21
"Скрябін",96,NA,137,506190,"",2019-05-02,"Україна","","ua",21
"Скрябін",63,92,123,674365,"28.5%",2019-01-24,"Україна","","ua",21
"Скрябін",63,81,120,724994,"22.7%",2019-01-03,"Україна","","ua",21
"Скрябін",92,79,129,595506,"-7.2%",2019-03-07,"Україна","","ua",21
"Скрябін",54,92,125,751147,"31.5%",2019-02-07,"Україна","","ua",21
"Скрябін",95,99,134,500197,"5.5%",2019-04-11,"Україна","","ua",21
"Скрябін",84,NA,153,570951,"",2019-08-22,"Україна","","ua",21
"Скрябін",99,75,155,501089,"-19.5%",2019-09-05,"Україна","","ua",21
"Скрябін",77,92,130,589670,"-1%",2019-03-14,"Україна","","ua",21
"Скрябін",59,54,126,723387,"-3.7%",2019-02-14,"Україна","","ua",21
"Скрябін",79,65,128,641591,"-5.4%",2019-02-28,"Україна","","ua",21
"Скрябін",65,59,127,677934,"-6.3%",2019-02-21,"Україна","","ua",21
"Скрябін",86,63,121,542534,"-25.2%",2019-01-10,"Україна","","ua",21
"Скрябін",97,92,139,505036,"2%",2019-05-16,"Україна","","ua",21
"Скрябін",86,77,131,550737,"-6.6%",2019-03-21,"Україна","","ua",21
"Скрябін",90,86,132,539535,"-2%",2019-03-28,"Україна","","ua",21
"Скрябін",75,84,154,622354,"9%",2019-08-29,"Україна","","ua",21
"ТамерланАлёна",77,NA,5,602712,"",2019-03-28,"Україна","","ua",1
"Тина Кароль",84,71,114,564923,"-13.4%",2019-05-02,"Україна","","ua",21
"Тина Кароль",94,NA,102,582321,"",2019-02-07,"Україна","","ua",21
"Тина Кароль",90,NA,124,519366,"",2019-09-19,"Україна","","ua",21
"Тина Кароль",89,27,122,526519,"-51.5%",2019-09-05,"Україна","","ua",21
"Тина Кароль",85,85,116,546331,"3.6%",2019-05-16,"Україна","","ua",21
"Тина Кароль",76,94,103,639139,"9.8%",2019-02-14,"Україна","","ua",21
"Тина Кароль",90,NA,98,527904,"",2019-01-10,"Україна","","ua",21
"Тина Кароль",27,NA,121,1084535,"",2019-08-29,"Україна","","ua",21
"Тина Кароль",88,90,118,546014,"2.9%",2019-05-30,"Україна","","ua",21
"Тина Кароль",93,92,120,496134,"-1.3%",2019-06-13,"Україна","","ua",21
"Тина Кароль",85,84,115,527274,"-6.7%",2019-05-09,"Україна","","ua",21
"Тина Кароль",71,33,113,652148,"-33.2%",2019-04-25,"Україна","","ua",21
"Тина Кароль",92,88,119,502513,"-8%",2019-06-06,"Україна","","ua",21
"Тина Кароль",17,68,111,1680073,"175.7%",2019-04-11,"Україна","","ua",21
"Тина Кароль",42,NA,126,834869,"",2019-10-31,"Україна","","ua",21
"Тина Кароль",90,85,117,530380,"-2.9%",2019-05-23,"Україна","","ua",21
"Тина Кароль",73,42,127,599435,"-28.2%",2019-11-07,"Україна","","ua",21
"Тина Кароль",33,17,112,976001,"-41.9%",2019-04-18,"Україна","","ua",21
"Тина Кароль",87,76,104,600476,"-6%",2019-02-21,"Україна","","ua",21
"Тина Кароль",68,NA,110,609419,"",2019-04-04,"Україна","","ua",21
"Тина Кароль",97,90,99,516000,"-2.3%",2019-01-17,"Україна","","ua",21
"ЯрмаК",62,NA,100,713683,"",2019-03-28,"Україна","","ua",1
